cod_ibge,linhas_tsee,subs_pos,subs_neg,n_negativos,subs_liquido
1500107,18485.0,840810.5,-2449.59,39.0,838360.91
1500131,848.0,33430.35,0.0,0.0,33430.35
1500206,4445.0,162936.83000000002,-153.84,4.0,162782.99
1500305,1712.0,70952.47,-154.34,6.0,70798.13
1500347,1129.0,47399.399999999994,-203.69,3.0,47195.71
1500404,7697.0,314939.73,-130.36,2.0,314809.37
1500503,3650.0,150181.8,-7.57,1.0,150174.23
1500602,17032.0,760458.84,-1228.56,24.0,759230.28
1500701,1509.0,52697.09,-282.36,2.0,52414.73
1500800,65164.0,2891784.23,-7059.63,83.0,2884724.6
1500859,3303.0,135168.44999999998,-179.07,4.0,134989.38
1500909,4188.0,150141.92,-11.82,2.0,150130.1
1500958,2719.0,96060.84999999999,-47.92,2.0,96012.93
1501006,1004.0,34512.74,0.0,0.0,34512.74
1501105,1446.0,36298.85,0.0,0.0,36298.85
1501204,2681.0,102596.81999999999,-25.22,3.0,102571.6
1501253,250.0,9745.77,0.0,0.0,9745.77
1501303,11462.0,504199.38,-1767.2800000000002,22.0,502432.1
1501402,193362.0,8774424.32,-21361.969999999998,307.0,8753062.35
1501451,2522.0,101769.26,0.0,0.0,101769.26
1501501,9306.0,385083.8,-1688.7599999999998,16.0,383395.04
1501576,1319.0,50804.78,-60.879999999999995,3.0,50743.9
1501600,1751.0,64603.92999999999,-39.23,2.0,64564.7
1501709,14794.0,582130.3700000001,-401.88,5.0,581728.49
1501725,2612.0,105249.76999999999,-229.92000000000002,8.0,105019.85
1501758,865.0,34179.850000000006,0.0,0.0,34179.85
1501782,4092.0,159136.49,-1548.4099999999999,12.0,157588.08
1501808,12129.0,507188.89,-5833.379999999999,263.0,501355.51
1501907,2844.0,105056.54000000001,-32.29,3.0,105024.25
1501956,1920.0,70225.88,0.0,0.0,70225.88
1502004,2802.0,103408.98000000001,-194.46,1.0,103214.52
1502103,11204.0,386159.49,-245.10999999999999,5.0,385914.38
1502152,5406.0,239537.61,-1224.08,10.0,238313.53
1502202,11247.0,457831.61,-132.33,10.0,457699.28
1502301,9390.0,363309.55,-337.87,9.0,362971.68
1502400,27713.0,1173639.0,-1613.43,52.0,1172025.57
1502509,636.0,23258.66,0.0,0.0,23258.66
1502608,1677.0,58826.53999999999,-21.06,3.0,58805.48
1502707,4752.0,195766.86,-507.84999999999997,10.0,195259.01
1502756,2915.0,109354.67,-459.15000000000003,4.0,108895.52
1502764,632.0,25929.71,0.0,0.0,25929.71
1502772,2152.0,84945.23999999999,-5.92,1.0,84939.32
1502806,2151.0,56061.52,-43.760000000000005,2.0,56017.76
1502855,1936.0,75720.31,-55.54,4.0,75664.77
1502905,4501.0,168342.65,-290.96,13.0,168051.69
1502939,6349.0,273472.25,0.0,0.0,273472.25
1502954,2444.0,94276.15999999999,-616.8599999999999,5.0,93659.3
1503002,1157.0,50993.259999999995,0.0,0.0,50993.26
1503044,2263.0,90603.29000000001,0.0,0.0,90603.29
1503077,3652.0,131745.34999999998,0.0,0.0,131745.35
1503093,2313.0,84869.43,-852.42,5.0,84017.01
1503101,1963.0,71641.67,-34.81,1.0,71606.86
1503200,6039.0,231435.16,-272.10999999999996,7.0,231163.05
1503309,5541.0,202016.69,-937.6,5.0,201079.09
1503408,1108.0,42150.53,0.0,0.0,42150.53
1503457,3569.0,131591.34000000003,-16.96,2.0,131574.38
1503507,4257.0,154165.05,-261.83,4.0,153903.22
1503606,17153.0,785447.01,-2780.06,42.0,782666.95
1503705,4873.0,186919.22999999998,-343.53999999999996,8.0,186575.69
1503754,1008.0,47903.91,0.0,0.0,47903.909999999996
1503804,6025.0,240047.71,-93.82,6.0,239953.89
1503903,4875.0,213773.03999999998,-504.91999999999996,5.0,213268.12
1504000,1034.0,40058.67,0.0,0.0,40058.67
1504059,6103.0,255165.12,-64.9,5.0,255100.22
1504109,1299.0,47197.51,-17.82,1.0,47179.69
1504208,30971.0,1337497.21,-4344.29,67.0,1333152.92
1504307,3872.0,136547.25,-132.72,4.0,136414.53
1504406,3442.0,120849.29999999999,-73.85000000000001,4.0,120775.45
1504422,19889.0,871816.28,-1641.61,32.0,870174.67
1504455,3601.0,142652.37,-65.48,3.0,142586.88999999998
1504505,1419.0,35277.479999999996,-51.13,3.0,35226.35
1504604,3031.0,123616.56,-125.82,4.0,123490.74
1504703,6918.0,297272.17000000004,-274.31,2.0,296997.86
1504752,2517.0,101885.09,0.0,0.0,101885.09
1504802,9545.0,377557.03,-199.01,3.0,377358.02
1504901,2734.0,89808.81999999999,-265.71,3.0,89543.11
1504950,2068.0,72949.97,-78.1,4.0,72871.87
1504976,1324.0,50826.17,-349.53,2.0,50476.64
1505007,2032.0,72849.56,-66.21,3.0,72783.35
1505031,2805.0,126394.62,-350.03,8.0,126044.59
1505064,4573.0,164379.87,-1253.7200000000003,23.0,163126.15
1505106,6752.0,289467.9,-1467.9800000000002,19.0,287999.92
1505205,2631.0,90710.98999999999,-27.39,1.0,90683.6
1505304,7339.0,329563.8,-915.7099999999999,21.0,328648.09
1505403,2941.0,114927.33,-240.33999999999997,7.0,114686.99
1505437,2893.0,122184.41,-195.14,4.0,121989.27
1505486,3882.0,152757.46000000002,-933.7399999999999,18.0,151823.72
1505494,948.0,36320.74,-251.02,1.0,36069.72
1505502,12118.0,530537.51,-860.0699999999999,16.0,529677.44
1505536,21253.0,912415.49,-4063.4,35.0,908352.09
1505551,852.0,34042.45,0.0,0.0,34042.45
1505601,989.0,35564.56,-15.67,1.0,35548.89
1505635,849.0,33372.829999999994,-103.52,2.0,33269.31
1505650,2422.0,98136.45999999999,-229.11,1.0,97907.35
1505700,3028.0,112362.98,-6.72,2.0,112356.26
1505809,4299.0,198002.21,-391.9,8.0,197610.31
1505908,2046.0,80355.98000000001,-268.79,1.0,80087.19
1506005,3504.0,131092.51,-271.15,2.0,130821.36
1506104,1969.0,71642.43,0.0,0.0,71642.43
1506112,1699.0,64138.96,0.0,0.0,64138.96
1506138,9999.0,444529.23,-195.30999999999997,10.0,444333.92
1506161,2102.0,89289.85,-55.230000000000004,2.0,89234.62
1506187,4998.0,206578.41999999998,0.0,0.0,206578.42
1506195,3021.0,121432.84,-51.75,1.0,121381.09
1506203,4906.0,195740.12,-231.58,9.0,195508.54
1506302,3960.0,159051.78,-244.53,5.0,158807.25
1506351,2504.0,96655.54999999999,-204.23,5.0,96451.32
1506401,927.0,34748.11,0.0,0.0,34748.11
1506500,8071.0,333585.24,-171.37,5.0,333413.87
1506559,3116.0,121776.90999999999,-70.06,2.0,121706.85
1506583,1406.0,56711.990000000005,-146.54,2.0,56565.45
1506609,4535.0,181054.71,-0.8,1.0,181053.91
1506708,3284.0,145862.52000000002,-707.27,8.0,145155.25
1506807,52909.0,2448830.26,-7817.4400000000005,112.0,2441012.82
1506906,722.0,24184.82,-34.81,1.0,24150.01
1507003,3951.0,149627.87,-74.41999999999999,5.0,149553.45
1507102,2158.0,77535.09,-22.37,1.0,77512.72
1507151,2934.0,117667.93,-86.8,2.0,117581.13
1507201,2691.0,97852.79999999999,0.0,0.0,97852.8
1507300,4551.0,180593.14,-1152.5500000000002,12.0,179440.59
1507409,2301.0,85677.49,-6.95,1.0,85670.54
1507458,2667.0,112865.35,-124.74,1.0,112740.61
1507466,536.0,18461.57,0.0,0.0,18461.57
1507474,2182.0,75615.87999999999,-39.67,5.0,75576.21
1507508,1082.0,41452.31999999999,-408.15999999999997,2.0,41044.16
1507607,5849.0,226387.19,-99.34999999999998,5.0,226287.84
1507706,1671.0,53592.84,-651.41,5.0,52941.43
1507755,577.0,24402.269999999997,0.0,0.0,24402.27
1507805,2378.0,95328.92,-215.1,4.0,95113.81999999999
1507904,3779.0,146156.5,-211.53000000000003,2.0,145944.97
1507953,9167.0,416214.07,-377.96,9.0,415836.11
1507961,1540.0,57502.78999999999,-50.7,3.0,57452.09
1507979,2544.0,113059.18,-196.17000000000002,5.0,112863.01
1508001,6868.0,278933.42000000004,-62.67000000000001,4.0,278870.75
1508035,2585.0,91169.19,-409.37,1.0,90759.82
1508050,1213.0,48755.83,-51.76,1.0,48704.07
1508084,4074.0,172315.19,-463.36,3.0,171851.83
1508100,8799.0,367793.01,-3444.120000000001,21.0,364348.89
1508126,3325.0,141951.62,-138.4,3.0,141813.22
1508159,4418.0,179206.41999999998,-567.13,9.0,178639.29
1508209,7165.0,277944.66000000003,-18.07,2.0,277926.59
1508308,6011.0,213281.39,-36.2,3.0,213245.19
1508357,2712.0,114132.93,0.0,0.0,114132.93
1508407,6023.0,264105.12,-576.2,11.0,263528.92
2700102,3618.0,112589.82,-41.010000000000005,4.0,112548.81
2700201,2791.0,93810.53,-187.27000000000004,14.0,93623.26
2700300,33466.0,1215080.92,-516.49,23.0,1214564.43
2700409,7457.0,254882.65000000002,-187.95999999999998,6.0,254694.69
2700508,3113.0,106385.02000000002,-63.25,2.0,106321.77
2700607,1368.0,51752.17,-6.48,1.0,51745.69
2700706,3012.0,104447.29,-146.77,3.0,104300.52
2700805,1014.0,30719.050000000003,-17.42,1.0,30701.63
2700904,1132.0,36446.450000000004,0.0,0.0,36446.45
2701001,6162.0,213970.77000000002,-131.45999999999998,7.0,213839.31
2701100,1630.0,52181.3,0.0,0.0,52181.3
2701209,1842.0,58603.18,-20.75,1.0,58582.43
2701308,3235.0,111787.87,-7.72,1.0,111780.15
2701357,1489.0,49329.2,-107.12,1.0,49222.08
2701407,6396.0,222183.40999999997,-32.85,2.0,222150.56
2701506,2010.0,62711.86,0.0,0.0,62711.86
2701605,3057.0,93450.95999999999,-34.9,3.0,93416.06
2701704,3366.0,112315.73,-49.16,2.0,112266.56999999999
2701803,1744.0,52881.2,0.0,0.0,52881.2
2701902,1284.0,37601.94,0.0,0.0,37601.94
2702009,2095.0,68370.78,0.0,0.0,68370.78
2702108,3454.0,113087.69,-109.8,3.0,112977.89
2702207,1088.0,38505.18,0.0,0.0,38505.18
2702306,7598.0,260129.75000000003,-983.4200000000001,7.0,259146.33
2702355,4738.0,161219.78000000003,-0.01,1.0,161219.77
2702405,8695.0,304194.48,-80.14,8.0,304114.34
2702504,2003.0,65441.42,0.0,0.0,65441.42
2702553,3472.0,104545.14,-28.41,1.0,104516.73
2702603,4391.0,146893.52,0.0,0.0,146893.52
2702702,679.0,22047.02,0.0,0.0,22047.02
2702801,2022.0,65876.43,-4.59,1.0,65871.84
2702900,6121.0,195649.57,-160.05,1.0,195489.52
2703007,3090.0,94164.32,-1.39,1.0,94162.93
2703106,5340.0,170203.49000000002,-33.71,4.0,170169.78
2703205,3954.0,138743.28999999998,-11.309999999999999,2.0,138731.98
2703304,2578.0,78025.70000000001,0.0,0.0,78025.7
2703403,998.0,35905.25,0.0,0.0,35905.25
2703502,922.0,30213.95,0.0,0.0,30213.95
2703601,2345.0,79227.41,0.0,0.0,79227.41
2703700,991.0,30727.719999999998,0.0,0.0,30727.72
2703759,1826.0,61712.61,-121.83,1.0,61590.78
2703809,2620.0,84316.07,-21.009999999999998,3.0,84295.06
2703908,842.0,28329.97,-22.89,2.0,28307.079999999998
2704005,4869.0,159335.39,-50.459999999999994,4.0,159284.93
2704104,3430.0,112833.7,0.0,0.0,112833.7
2704203,4278.0,140736.61000000002,-25.63,1.0,140710.98
2704302,111496.0,4112469.95,-2793.7999999999997,87.0,4109676.15
2704401,2729.0,92042.25,-5.44,1.0,92036.81
2704500,6554.0,225051.08000000002,-52.919999999999995,9.0,224998.16
2704609,1991.0,61447.149999999994,0.0,0.0,61447.15
2704708,11179.0,396945.58999999997,-185.26,6.0,396760.33
2704807,2025.0,68908.66,0.0,0.0,68908.66
2704906,589.0,17305.18,0.0,0.0,17305.18
2705002,3472.0,95870.48000000001,-28.54,2.0,95841.94
2705101,4484.0,157809.88999999998,-121.13999999999999,6.0,157688.75
2705200,3407.0,115792.59,-14.740000000000002,2.0,115777.85
2705309,886.0,29760.65,-13.74,1.0,29746.91
2705408,1359.0,47292.880000000005,-2.3,1.0,47290.58
2705507,4435.0,156386.02000000002,-26.270000000000003,3.0,156359.75
2705606,2095.0,67434.54000000001,0.0,0.0,67434.54
2705705,3559.0,118372.68,-6.27,2.0,118366.41
2705804,1559.0,53550.399999999994,0.0,0.0,53550.4
2705903,1073.0,33574.81,0.0,0.0,33574.81
2706000,2040.0,62495.119999999995,-28.75,3.0,62466.37
2706109,2553.0,77523.83,-17.72,1.0,77506.11
2706208,956.0,34823.46,-96.6,1.0,34726.86
2706307,12873.0,448992.75,-25.79,4.0,448966.96
2706406,4159.0,143815.7,-103.56,9.0,143712.13999999998
2706422,2019.0,80164.78,-28.67,1.0,80136.11
2706448,2702.0,95455.37,0.0,0.0,95455.37
2706505,2271.0,83470.42,-21.23,3.0,83449.19
2706604,1545.0,49122.59,-46.949999999999996,2.0,49075.64
2706703,12040.0,422711.0,-23.24,5.0,422687.76
2706802,3772.0,131909.91999999998,-7.65,1.0,131902.27
2706901,7264.0,258739.43,-60.07,4.0,258679.36
2707008,492.0,14203.460000000001,-48.489999999999995,4.0,14154.97
2707107,4047.0,138688.66999999998,-209.98999999999998,7.0,138478.68
2707206,2455.0,77476.98,-30.560000000000002,2.0,77446.42
2707305,4811.0,173630.28999999998,-120.28999999999999,6.0,173510.0
2707404,1498.0,51110.38,0.0,0.0,51110.38
2707503,3988.0,129069.20000000001,-77.81,4.0,128991.39
2707602,2133.0,65220.16,-24.73,2.0,65195.43
2707701,16233.0,578988.05,-126.85,5.0,578861.2
2707800,1661.0,58749.06,0.0,0.0,58749.06
2707909,1432.0,55178.009999999995,0.0,0.0,55178.01
2708006,7819.0,258785.45,-80.76,5.0,258704.69
2708105,2477.0,74687.91,-26.299999999999997,2.0,74661.61
2708204,1518.0,47700.899999999994,-24.02,1.0,47676.88
2708303,3769.0,124808.52,-82.53,3.0,124725.99
2708402,5422.0,176584.81,-153.22,7.0,176431.59
2708501,5967.0,207785.34999999998,-107.04,7.0,207678.31
2708600,10103.0,370142.75,-193.95,12.0,369948.8
2708709,1443.0,50568.78999999999,-25.89,2.0,50542.9
2708808,5737.0,196733.94,-53.07,3.0,196680.87
2708907,3645.0,137793.62,-64.36,5.0,137729.26
2708956,2245.0,69084.38,-11.83,1.0,69072.55
2709004,1058.0,31816.840000000004,0.0,0.0,31816.84
2709103,3706.0,127060.51,-12.44,2.0,127048.06999999999
2709152,6673.0,233143.74,-51.58,6.0,233092.16
2709202,4457.0,134095.22,0.0,0.0,134095.22
2709301,11223.0,381648.1,-42.05,5.0,381606.05
2709400,4558.0,148049.97000000003,-26.27,2.0,148023.7
3151800,5725.0,137515.52999999997,0.0,0.0,137515.53
3300209,19554.0,723637.6699999999,-2057.5,51.0,721580.17
3302700,27244.0,1032554.1200000001,-2711.4700000000003,66.0,1029842.65
3304300,7980.0,319884.99000000005,-1009.58,29.0,318875.41000000003
3305505,15588.0,583454.27,-955.63,27.0,582498.64
3507407,932.0,25564.629999999997,0.0,0.0,25564.63
3513702,668.0,20448.710000000003,-100.86,3.0,20347.850000000002
3533502,2357.0,65139.05999999999,0.0,0.0,65139.06
3539301,2297.0,71655.13000000002,-961.38,29.0,70693.75
3540705,1477.0,46447.38999999999,-188.12,6.0,46259.27
3541604,1300.0,40221.46,-70.72,2.0,40150.74
3552601,715.0,19685.11,0.0,0.0,19685.11
4200606,102.0,2620.8999999999996,-225.93,8.0,2394.97
4200903,50.0,1238.25,0.0,0.0,1238.25
4201208,140.0,3987.41,-61.97,2.0,3925.44
4202206,131.0,3239.96,-92.81,3.0,3147.1499999999996
4202305,2188.0,58493.24,-1844.71,78.0,56648.53
4203709,652.0,17310.81,-727.0699999999999,26.0,16583.74
4205704,1068.0,28748.260000000002,-1425.85,48.0,27322.410000000003
4206009,451.0,12285.080000000002,-400.99,13.0,11884.089999999998
4207205,589.0,15009.510000000002,-303.03999999999996,10.0,14706.470000000001
4207304,1440.0,40113.950000000004,-1091.2099999999998,40.0,39022.74
4208708,273.0,8746.619999999999,-30.36,1.0,8716.26
4208807,497.0,13613.300000000001,-291.37,13.0,13321.93
4209409,1386.0,36114.92,-1000.12,35.0,35114.799999999996
4209805,32.0,852.72,0.0,0.0,852.72
4210209,76.0,1876.2600000000002,-9.97,1.0,1866.29
4211504,206.0,5312.69,-128.75,7.0,5183.9400000000005
4211900,5084.0,132657.13999999998,-4448.48,177.0,128208.66
4212304,246.0,10230.560000000001,0.0,0.0,10230.56
4214300,16.0,431.93000000000006,0.0,0.0,431.93
4215703,604.0,15392.24,-478.01,23.0,14914.230000000001
4217253,49.0,1405.1100000000001,-31.26,1.0,1373.85
4217600,401.0,12708.170000000002,0.0,0.0,12708.17
4218004,1224.0,33308.25000000001,-965.9800000000001,34.0,32342.27
4218350,141.0,6188.790000000001,0.0,0.0,6188.790000000001
4218707,2796.0,84191.25000000001,-1879.17,66.0,82312.08
4300034,110.0,3337.88,0.0,0.0,3337.88
4300208,222.0,6566.560000000001,-35.8,1.0,6530.759999999999
4300455,136.0,3814.13,0.0,0.0,3814.1299999999997
4300471,13.0,331.19999999999993,0.0,0.0,331.2
4300703,56.0,1745.2699999999998,0.0,0.0,1745.27
4301008,389.0,12357.91,-35.8,1.0,12322.109999999999
4301404,324.0,9697.890000000001,-214.79999999999998,6.0,9483.09
4301503,187.0,5453.68,-23.46,2.0,5430.219999999999
4301651,37.0,1097.6100000000001,0.0,0.0,1097.6100000000001
4301750,201.0,4527.800000000001,0.0,0.0,4527.8
4302006,269.0,7511.240000000001,-23.46,2.0,7487.78
4302220,45.0,1216.49,0.0,0.0,1216.49
4302253,8.0,253.69,0.0,0.0,253.69
4302402,395.0,11843.529999999999,-14.38,1.0,11829.15
4302451,63.0,1701.21,0.0,0.0,1701.21
4302584,19.0,452.75,0.0,0.0,452.75
4304358,786.0,20584.379999999997,0.0,0.0,20584.379999999997
4304614,21.0,580.0900000000001,0.0,0.0,580.09
4304697,26.0,738.9,0.0,0.0,738.9000000000001
4304705,1033.0,26161.0,0.0,0.0,26161.0
4304804,219.0,6608.37,0.0,0.0,6608.37
4304903,100.0,3141.73,0.0,0.0,3141.73
4305009,420.0,13017.04,0.0,0.0,13017.04
4305173,495.0,12505.410000000002,-37.06,2.0,12468.350000000002
4305306,86.0,2204.73,0.0,0.0,2204.73
4305405,242.0,7447.530000000001,-48.97,2.0,7398.5599999999995
4305587,26.0,732.54,-35.8,1.0,696.74
4305603,29.0,720.6199999999999,0.0,0.0,720.62
4305835,7.0,229.88,0.0,0.0,229.88
4305850,12.0,310.09999999999997,0.0,0.0,310.09999999999997
4305871,28.0,632.6,0.0,0.0,632.6
4305934,2.0,23.41,0.0,0.0,23.41
4306452,32.0,876.4699999999998,-137.37,4.0,739.1
4306700,157.0,5097.65,0.0,0.0,5097.65
4306734,128.0,3801.8100000000004,-35.8,1.0,3766.0099999999998
4306809,433.0,12931.93,-35.8,1.0,12896.13
4307906,1735.0,53393.89000000001,-161.53,7.0,53232.35999999999
4308003,304.0,9985.119999999999,-37.07,1.0,9948.050000000001
4308078,202.0,5829.580000000001,0.0,0.0,5829.58
4308300,277.0,7943.45,0.0,0.0,7943.45
4308433,18.0,496.71000000000004,0.0,0.0,496.71000000000004
4308805,510.0,14326.400000000001,0.0,0.0,14326.4
4309159,40.0,1126.17,0.0,0.0,1126.17
4309605,426.0,12929.740000000002,-71.6,2.0,12858.14
4309654,240.0,7347.17,0.0,0.0,7347.17
4310108,1756.0,55275.34000000001,-292.09,10.0,54983.25
4310207,1932.0,54343.869999999995,-375.79999999999995,10.0,53968.06999999999
4310306,82.0,2428.4500000000003,-33.76,1.0,2394.6899999999996
4310405,259.0,7698.990000000002,-102.11,3.0,7596.879999999999
4310413,159.0,4490.49,0.0,0.0,4490.49
4310579,19.0,539.35,0.0,0.0,539.35
4310751,55.0,1593.1,0.0,0.0,1593.1
4311155,254.0,7480.910000000001,-81.95,3.0,7398.959999999999
4311205,1251.0,37506.89000000001,-159.86,7.0,37347.03
4311403,1868.0,58653.229999999996,-429.91,13.0,58223.32
4311981,195.0,4785.95,-65.39,2.0,4720.56
4312054,53.0,1490.4299999999998,0.0,0.0,1490.43
4312351,7.0,177.48000000000002,0.0,0.0,177.47999999999996
4312401,2527.0,77010.01,-969.22,33.0,76040.79
4312757,17.0,446.38,0.0,0.0,446.38
4312906,86.0,2628.2400000000002,0.0,0.0,2628.2400000000002
4313102,182.0,5886.089999999999,0.0,0.0,5886.09
4313334,32.0,720.74,0.0,0.0,720.74
4313425,100.0,2572.8399999999992,-18.7,1.0,2554.1400000000003
4314001,61.0,1881.1799999999998,0.0,0.0,1881.1799999999998
4314076,126.0,3612.85,0.0,0.0,3612.85
4314159,172.0,4416.8099999999995,-28.71,1.0,4388.1
4314753,10.0,292.4,0.0,0.0,292.4
4315131,14.0,427.24,0.0,0.0,427.24
4315156,57.0,1529.6100000000001,0.0,0.0,1529.6100000000001
4315206,35.0,1053.08,0.0,0.0,1053.08
4315453,25.0,768.09,0.0,0.0,768.09
4315503,819.0,26515.299999999996,0.0,0.0,26515.3
4315701,2777.0,81720.67999999998,-213.94999999999993,8.0,81506.73
4316501,31.0,888.1700000000001,0.0,0.0,888.17
4316758,16.0,505.8900000000001,0.0,0.0,505.89000000000004
4316808,4541.0,141676.28000000003,-1517.6599999999999,59.0,140158.62
4316907,11933.0,372387.7200000001,-2409.3500000000004,70.0,369978.36999999994
4317756,30.0,708.74,0.0,0.0,708.74
4317806,1124.0,34006.060000000005,-199.82,8.0,33806.24
4318051,20.0,662.6800000000001,0.0,0.0,662.68
4318200,1096.0,32031.0,-119.48,5.0,31911.52
4318432,71.0,2421.03,0.0,0.0,2421.03
4318465,36.0,1093.9299999999998,0.0,0.0,1093.93
4318499,19.0,487.51000000000005,0.0,0.0,487.51
4319356,11.0,287.48,0.0,0.0,287.48
4319711,15.0,425.02000000000004,0.0,0.0,425.02000000000004
4319737,216.0,6040.740000000001,0.0,0.0,6040.74
4320305,45.0,1128.5,0.0,0.0,1128.5
4320453,15.0,408.21,0.0,0.0,408.21000000000004
4320552,196.0,5150.909999999999,0.0,0.0,5150.91
4320651,94.0,3000.16,0.0,0.0,3000.16
4320800,2292.0,69386.70000000001,-156.78,7.0,69229.92
4320859,98.0,2351.1400000000003,0.0,0.0,2351.14
4321204,1991.0,60919.98,-672.3699999999999,20.0,60247.61
4321303,1245.0,37084.280000000006,-33.57,1.0,37050.71
4321451,553.0,16946.719999999998,0.0,0.0,16946.72
4321626,12.0,344.42,0.0,0.0,344.42
4321808,938.0,29184.540000000005,-154.2,5.0,29030.339999999997
4322004,1414.0,40086.020000000004,-198.24,9.0,39887.78
4322251,55.0,1750.1899999999996,0.0,0.0,1750.1899999999998
4322301,221.0,6895.910000000002,0.0,0.0,6895.91
4322350,10.0,325.23,0.0,0.0,325.23
4322525,83.0,1883.51,0.0,0.0,1883.51
4322608,2390.0,73218.21999999999,-993.98,31.0,72224.23999999999
4323770,14.0,413.53,0.0,0.0,413.53000000000003
5200050,1981.0,64310.82,-19.66,1.0,64291.16
5200100,1448.0,45036.26,-22.76,1.0,45013.5
5200134,2272.0,72850.53,-38.51,1.0,72812.02
5200159,263.0,8089.1900000000005,0.0,0.0,8089.19
5200175,517.0,14846.26,-118.35999999999999,4.0,14727.9
5200209,161.0,5056.26,0.0,0.0,5056.26
5200258,21468.0,671023.0399999999,-443.29999999999995,16.0,670579.74
5200308,4041.0,125932.4,-106.91,4.0,125825.48999999999
5200506,137.0,4061.04,-38.51,1.0,4022.5299999999997
5200555,351.0,11365.88,0.0,0.0,11365.88
5200605,832.0,26558.25,0.0,0.0,26558.25
5200803,919.0,27404.76,-40.91,2.0,27363.850000000002
5200829,303.0,8879.269999999999,-63.11,2.0,8816.16
5200852,548.0,16086.18,0.0,0.0,16086.18
5200902,296.0,8598.68,0.0,0.0,8598.68
5201108,23794.0,748290.97,-170.89999999999998,6.0,748120.0700000001
5201207,102.0,3110.91,0.0,0.0,3110.91
5201306,2300.0,72790.96,-32.62,1.0,72758.34
5201405,34692.0,1127760.9799999997,-576.9899999999999,19.0,1127183.99
5201454,204.0,5947.380000000001,0.0,0.0,5947.38
5201504,300.0,9472.13,0.0,0.0,9472.13
5201603,313.0,9534.03,0.0,0.0,9534.03
5201702,1980.0,64898.56999999999,-77.02,2.0,64821.55
5201801,1259.0,39569.27999999999,-37.01,1.0,39532.27
5202155,751.0,23266.809999999994,-38.51,1.0,23228.3
5202353,279.0,8505.06,0.0,0.0,8505.06
5202502,760.0,24112.690000000002,0.0,0.0,24112.69
5202601,306.0,9070.449999999999,0.0,0.0,9070.449999999999
5202809,294.0,8828.630000000001,-38.51,1.0,8790.12
5203104,192.0,5371.969999999999,-32.02,1.0,5339.95
5203203,839.0,26950.43,-38.51,1.0,26911.92
5203302,2909.0,91507.29,-20.56,1.0,91486.73
5203401,937.0,28929.76,-38.51,1.0,28891.249999999996
5203500,981.0,31790.689999999995,-31.82,1.0,31758.87
5203559,1216.0,37483.07,0.0,0.0,37483.07
5203575,253.0,7773.25,0.0,0.0,7773.25
5203609,378.0,11637.990000000002,0.0,0.0,11637.99
5203807,524.0,15810.699999999999,0.0,0.0,15810.7
5203906,855.0,24996.99,0.0,0.0,24996.99
5203939,369.0,10882.89,0.0,0.0,10882.89
5203962,286.0,8051.6900000000005,-36.09,1.0,8015.599999999999
5204003,627.0,18838.32,0.0,0.0,18838.32
5204102,604.0,19132.17,0.0,0.0,19132.17
5204201,178.0,5339.4400000000005,0.0,0.0,5339.4400000000005
5204250,623.0,18545.890000000003,-67.3,2.0,18478.590000000004
5204300,847.0,27143.45,-36.04,1.0,27107.41
5204409,1513.0,46679.33,-117.03,5.0,46562.3
5204508,7791.0,242442.34999999998,-181.29,5.0,242261.06
5204557,263.0,8156.83,0.0,0.0,8156.83
5204607,332.0,10507.619999999999,0.0,0.0,10507.619999999999
5204656,271.0,7642.490000000001,0.0,0.0,7642.49
5204706,1324.0,41255.799999999996,0.0,0.0,41255.8
5204805,450.0,14116.380000000001,0.0,0.0,14116.380000000001
5204854,674.0,21960.859999999997,0.0,0.0,21960.859999999997
5204904,1957.0,55608.259999999995,-64.03999999999999,2.0,55544.22
5204953,587.0,17180.279999999995,-38.51,1.0,17141.769999999997
5205059,301.0,9487.3,0.0,0.0,9487.3
5205109,5698.0,174924.72999999998,-120.8,5.0,174803.93
5205208,571.0,18125.89,0.0,0.0,18125.89
5205307,1114.0,32707.020000000004,-352.72999999999996,12.0,32354.289999999997
5205455,605.0,18962.61,0.0,0.0,18962.61
5205471,338.0,11267.300000000001,0.0,0.0,11267.3
5205497,11327.0,355001.66,-264.36,10.0,354737.29999999993
5205513,2717.0,80703.08,-178.57,5.0,80524.51000000001
5205521,235.0,6665.92,-19.96,1.0,6645.959999999999
5205703,199.0,5724.0599999999995,0.0,0.0,5724.0599999999995
5205802,739.0,22670.54,-38.51,1.0,22632.03
5205901,561.0,17692.129999999997,0.0,0.0,17692.13
5206206,3623.0,114700.10999999999,-297.94999999999993,9.0,114402.15999999999
5206305,408.0,12716.150000000001,0.0,0.0,12716.15
5206404,997.0,32314.410000000003,-54.07,2.0,32260.339999999997
5206503,364.0,11471.63,-27.0,1.0,11444.630000000001
5206602,154.0,4602.450000000001,0.0,0.0,4602.45
5206701,522.0,14802.51,-16.98,1.0,14785.53
5206800,301.0,9091.63,0.0,0.0,9091.630000000001
5206909,235.0,6417.84,-30.95,1.0,6386.89
5207105,151.0,4563.29,0.0,0.0,4563.29
5207253,488.0,14642.31,-92.22999999999999,3.0,14550.08
5207352,500.0,14419.319999999998,0.0,0.0,14419.32
5207402,1040.0,32389.62,0.0,0.0,32389.62
5207501,283.0,8590.18,0.0,0.0,8590.18
5207535,642.0,20104.44,-97.52000000000001,3.0,20006.920000000002
5207600,637.0,19447.289999999997,-38.51,1.0,19408.78
5207808,952.0,28953.29,-36.74,1.0,28916.55
5207907,844.0,25149.04,-432.84000000000003,13.0,24716.2
5208004,8406.0,263945.74,-129.44,4.0,263816.3
5208103,408.0,12505.92,0.0,0.0,12505.92
5208152,169.0,4782.13,-60.16,2.0,4721.97
5208301,533.0,14583.97,0.0,0.0,14583.97
5208400,1449.0,46061.18000000001,-13.04,1.0,46048.14000000001
5208509,271.0,8382.88,-33.53,1.0,8349.35
5208608,4179.0,132269.75,-106.12,3.0,132163.63
5208707,76586.0,2465589.65,-1133.6200000000001,34.0,2464456.0300000003
5208806,5969.0,189640.44,-88.15,4.0,189552.29
5208905,2274.0,68079.13,0.0,0.0,68079.13
5209101,2736.0,87316.13999999998,-61.51,2.0,87254.62999999999
5209150,376.0,12102.299999999997,0.0,0.0,12102.3
5209200,2048.0,63545.34,-36.14,1.0,63509.200000000004
5209291,278.0,8060.98,0.0,0.0,8060.98
5209408,403.0,12010.84,-112.72999999999999,5.0,11898.11
5209457,264.0,7669.279999999999,0.0,0.0,7669.28
5209606,427.0,12868.79,-68.39,2.0,12800.4
5209705,2618.0,83778.84,-94.17,3.0,83684.67
5209804,308.0,8984.69,0.0,0.0,8984.69
5209903,1650.0,49086.6,-38.51,1.0,49048.09
5209937,585.0,18728.670000000002,0.0,0.0,18728.670000000002
5209952,1179.0,37991.119999999995,0.0,0.0,37991.119999999995
5210000,3538.0,112166.51,-38.51,1.0,112128.0
5210109,2501.0,76334.96999999999,-18.38,1.0,76316.59000000001
5210208,3064.0,95648.09999999999,0.0,0.0,95648.1
5210307,287.0,8680.54,-25.93,1.0,8654.61
5210406,4374.0,139277.16,-31.839999999999996,2.0,139245.32
5210562,555.0,17415.89,0.0,0.0,17415.89
5210604,552.0,16495.659999999996,0.0,0.0,16495.66
5210802,387.0,12130.58,0.0,0.0,12130.58
5210901,1225.0,37290.96,0.0,0.0,37290.96
5211008,834.0,25111.519999999997,0.0,0.0,25111.519999999997
5211206,3061.0,96570.40000000001,-30.310000000000002,2.0,96540.09
5211305,588.0,18540.820000000003,0.0,0.0,18540.82
5211404,566.0,17880.3,-41.83,2.0,17838.47
5211503,5759.0,183772.37,-61.36,2.0,183711.00999999998
5211602,256.0,7621.17,0.0,0.0,7621.17
5211701,463.0,13572.689999999999,0.0,0.0,13572.69
5211800,4376.0,140065.03,-35.99,1.0,140029.04
5211909,5851.0,191776.80999999997,-218.9,6.0,191557.91
5212006,304.0,8791.57,0.0,0.0,8791.57
5212055,220.0,6235.3,0.0,0.0,6235.3
5212105,431.0,13289.72,0.0,0.0,13289.720000000001
5212204,2367.0,74831.56999999998,-38.51,1.0,74793.06
5212253,161.0,5111.5,0.0,0.0,5111.5
5212303,534.0,15987.42,-97.50999999999999,3.0,15889.91
5212501,26194.0,813770.2699999999,-495.13,16.0,813275.1399999999
5212600,306.0,9720.13,-38.51,1.0,9681.619999999999
5212709,899.0,27438.76,-106.59,4.0,27332.17
5212808,797.0,25258.329999999998,0.0,0.0,25258.329999999998
5212907,219.0,6727.39,0.0,0.0,6727.389999999999
5212956,482.0,15651.219999999998,0.0,0.0,15651.22
5213004,800.0,26012.62,0.0,0.0,26012.62
5213053,212.0,6149.749999999999,0.0,0.0,6149.75
5213087,2339.0,71943.87,-187.56,5.0,71756.31000000001
5213103,4213.0,134001.19,-12.62,1.0,133988.57
5213400,161.0,4792.27,0.0,0.0,4792.27
5213509,800.0,22610.08,-50.02,1.0,22560.06
5213707,521.0,16361.490000000002,0.0,0.0,16361.49
5213756,556.0,17843.75,0.0,0.0,17843.75
5213772,202.0,6126.549999999999,0.0,0.0,6126.55
5213806,3326.0,100995.12,0.0,0.0,100995.12
5213855,363.0,10739.550000000001,0.0,0.0,10739.550000000001
5213905,409.0,12325.08,0.0,0.0,12325.08
5214002,1215.0,40553.770000000004,0.0,0.0,40553.770000000004
5214051,499.0,15017.47,-65.63,2.0,14951.84
5214101,300.0,9056.949999999999,-20.71,1.0,9036.24
5214408,696.0,21670.280000000002,0.0,0.0,21670.280000000002
5214507,2483.0,79271.57999999999,-89.63999999999999,3.0,79181.93999999999
5214606,2647.0,79321.68999999999,-113.53,5.0,79208.16
5214705,271.0,7697.19,0.0,0.0,7697.19
5214804,244.0,7339.27,0.0,0.0,7339.2699999999995
5214838,1257.0,40014.48999999999,-114.77,3.0,39899.72
5214861,382.0,11398.35,-38.51,1.0,11359.84
5214879,256.0,7851.429999999999,-32.19,1.0,7819.240000000001
5214903,372.0,10660.249999999998,-135.56,4.0,10524.689999999999
5215009,892.0,28468.33,0.0,0.0,28468.33
5215207,412.0,12630.75,0.0,0.0,12630.75
5215231,7187.0,226092.93,-103.41,3.0,225989.52
5215256,421.0,13046.999999999998,0.0,0.0,13047.0
5215306,792.0,24788.73,-38.51,1.0,24750.22
5215405,279.0,8418.24,0.0,0.0,8418.24
5215504,598.0,18002.79,0.0,0.0,18002.79
5215603,3218.0,98785.18999999999,-195.42,5.0,98589.76999999999
5215652,352.0,10265.38,0.0,0.0,10265.38
5215702,2922.0,88348.99999999999,-43.36,2.0,88305.63999999998
5215801,192.0,5915.570000000001,0.0,0.0,5915.570000000001
5215900,437.0,13614.970000000001,0.0,0.0,13614.97
5216007,196.0,5935.78,0.0,0.0,5935.78
5216304,1024.0,31729.23,-32.02,1.0,31697.21
5216403,1036.0,31203.169999999995,-38.51,1.0,31164.66
5216452,243.0,7424.290000000001,0.0,0.0,7424.289999999999
5216809,611.0,18368.000000000004,-34.47,1.0,18333.530000000002
5216908,144.0,4377.11,0.0,0.0,4377.11
5217104,2173.0,66030.36,-34.44,1.0,65995.92
5217203,998.0,32209.039999999997,0.0,0.0,32209.04
5217302,2202.0,68209.62999999999,-38.51,1.0,68171.12
5217401,2553.0,80960.62999999999,-31.52,1.0,80929.11
5217609,12316.0,376309.85000000003,-175.92000000000002,5.0,376133.92999999993
5217708,1823.0,55383.08,0.0,0.0,55383.08
5218003,4407.0,136324.25,-172.17999999999998,5.0,136152.07
5218052,299.0,9820.300000000001,0.0,0.0,9820.300000000001
5218102,307.0,9195.630000000001,0.0,0.0,9195.63
5218300,4000.0,117290.65,-229.99,10.0,117060.65999999999
5218391,269.0,8043.19,0.0,0.0,8043.19
5218508,2064.0,68035.67,0.0,0.0,68035.67
5218789,253.0,8318.720000000001,0.0,0.0,8318.72
5218805,13031.0,433416.95,-77.02,2.0,433339.93
5218904,1473.0,45371.34,0.0,0.0,45371.34
5219001,729.0,21856.359999999997,0.0,0.0,21856.359999999997
5219100,488.0,15144.250000000002,0.0,0.0,15144.25
5219209,182.0,5366.369999999999,-15.14,1.0,5351.2300000000005
5219258,286.0,9534.689999999999,0.0,0.0,9534.689999999999
5219308,2071.0,68681.38,0.0,0.0,68681.38
5219407,506.0,15656.33,0.0,0.0,15656.33
5219456,123.0,3623.01,-36.94,1.0,3586.0699999999997
5219506,262.0,8504.08,0.0,0.0,8504.08
5219605,327.0,9609.500000000002,0.0,0.0,9609.5
5219704,946.0,29289.7,0.0,0.0,29289.699999999997
5219712,369.0,11128.47,0.0,0.0,11128.47
5219738,803.0,25624.65,0.0,0.0,25624.65
5219753,8513.0,267342.48,-92.66,3.0,267249.82
5219803,732.0,20274.58,-26.05,1.0,20248.53
5219902,563.0,17030.66,-12.98,1.0,17017.68
5220009,775.0,23419.440000000002,-28.24,1.0,23391.2
5220058,145.0,4445.45,0.0,0.0,4445.45
5220108,2990.0,93105.38999999998,0.0,0.0,93105.38999999998
5220157,745.0,22064.57,0.0,0.0,22064.57
5220207,2211.0,70793.37999999999,-51.129999999999995,2.0,70742.25
5220264,268.0,8010.110000000001,-33.25,1.0,7976.86
5220405,1753.0,56132.579999999994,-38.51,1.0,56094.07
5220454,11110.0,362289.20999999996,-185.47,5.0,362103.74
5220504,598.0,18582.329999999998,0.0,0.0,18582.329999999998
5220603,1373.0,43145.04,0.0,0.0,43145.04
5220686,735.0,21987.140000000003,-32.22,1.0,21954.920000000002
5220702,353.0,9935.02,-125.38,4.0,9809.64
5221007,364.0,11043.86,0.0,0.0,11043.859999999999
5221080,353.0,10612.019999999999,-106.07,3.0,10505.949999999999
5221197,769.0,23956.920000000002,0.0,0.0,23956.920000000002
5221304,289.0,8525.25,0.0,0.0,8525.25
5221403,13749.0,437311.8,-293.63,9.0,437018.17
5221452,217.0,6249.82,0.0,0.0,6249.82
5221502,506.0,15219.29,0.0,0.0,15219.29
5221551,256.0,8201.07,0.0,0.0,8201.07
5221577,212.0,6679.510000000001,-68.46000000000001,2.0,6611.05
5221601,3134.0,98254.16999999998,-71.65,2.0,98182.52
5221809,144.0,4423.61,0.0,0.0,4423.61
5221858,14710.0,460290.54,-321.5,10.0,459969.04
5221908,301.0,9054.27,-38.51,1.0,9015.76
5222005,813.0,25297.670000000002,-68.08,2.0,25229.590000000004
5222054,504.0,16001.189999999999,-51.78,2.0,15949.409999999998
5222203,347.0,10557.710000000001,0.0,0.0,10557.71
5222302,406.0,11850.300000000001,0.0,0.0,11850.300000000001
210083,2.0,42.13,0.0,0.0,42.13
2100055,15405.0,493899.17999999993,-442.64,16.0,493456.54
2100105,1052.0,31601.689999999995,0.0,0.0,31601.69
2100154,2204.0,62425.72,-6.95,1.0,62418.77
2100204,3180.0,117257.33,-26.990000000000002,2.0,117230.34
2100303,3537.0,106379.13999999998,-122.02000000000001,3.0,106257.12
2100402,1096.0,35048.6,0.0,0.0,35048.6
2100436,4003.0,120774.01,-71.62,2.0,120702.39
2100477,3342.0,101156.48999999999,-25.24,2.0,101131.25
2100501,1639.0,48725.72,-62.6,2.0,48663.12
2100550,1088.0,32985.61,0.0,0.0,32985.61
2100600,4819.0,145936.83000000002,-289.09999999999997,9.0,145647.73
2100709,4314.0,133244.93,-20.939999999999998,2.0,133223.99
2100808,2582.0,78392.0,-219.25,7.0,78172.75
2100832,2663.0,79411.48000000001,0.0,0.0,79411.48
2100873,1369.0,41609.14,0.0,0.0,41609.14
2100907,6821.0,186383.91,-306.09000000000003,13.0,186077.82
2100956,3519.0,106697.12,-12.62,1.0,106684.5
2101004,3751.0,119244.16,-11.35,2.0,119232.81
2101103,1520.0,51016.37,-70.0,2.0,50946.37
2101202,16846.0,556709.74,-252.95999999999998,9.0,556456.78
2101251,2935.0,90875.85999999999,-1580.6799999999998,45.0,89295.18
2101301,2271.0,69690.12,-39.55,4.0,69650.57
2101350,713.0,22250.09,0.0,0.0,22250.09
2101400,13047.0,437185.36,-501.06,17.0,436684.3
2101509,3391.0,103364.73,-121.32,5.0,103243.41
2101608,14747.0,453453.05,-1553.38,50.0,451899.67
2101707,9361.0,284780.77,-4.17,1.0,284776.6
2101731,1293.0,35120.43,-3.83,1.0,35116.6
2101772,2080.0,68626.87,-65.86,2.0,68561.01
2101806,742.0,22578.510000000002,0.0,0.0,22578.51
2101905,3530.0,102640.73999999999,-326.83,16.0,102313.91
2101939,891.0,28626.84,0.0,0.0,28626.84
2101970,1056.0,30537.66,0.0,0.0,30537.66
2102002,4576.0,139091.84,0.0,0.0,139091.84
2102036,3910.0,120672.85999999999,-88.55,3.0,120584.31
2102077,1868.0,57866.95999999999,0.0,0.0,57866.96
2102101,6018.0,190503.69,-151.2,3.0,190352.49
2102150,1420.0,43540.729999999996,-4.8,1.0,43535.93
2102200,4345.0,127762.55,-252.43999999999997,10.0,127510.11
2102309,4462.0,135592.42,-19.85,2.0,135572.57
2102325,9523.0,300331.62,-253.82,10.0,300077.8
2102358,1814.0,52801.670000000006,0.0,0.0,52801.67
2102374,1272.0,36235.82,-180.79,1.0,36055.03
2102408,1195.0,35132.38,0.0,0.0,35132.38
2102507,1907.0,61862.74,-79.63,1.0,61783.11
2102556,1712.0,55045.9,-72.83000000000001,2.0,54973.07
2102606,2482.0,73578.09,-5.72,1.0,73572.37
2102705,2447.0,71559.83,-4.36,1.0,71555.47
2102754,1686.0,52561.3,0.0,0.0,52561.3
2102804,3605.0,112065.84,0.0,0.0,112065.84
2102903,4025.0,124898.15,-179.0,14.0,124719.15
2103000,20609.0,648864.12,-197.07,8.0,648667.05
2103109,1556.0,49909.97,0.0,0.0,49909.97
2103125,1181.0,37635.700000000004,-14.14,1.0,37621.56
2103158,1663.0,51514.54,0.0,0.0,51514.54
2103174,2519.0,75466.95000000001,-23.31,3.0,75443.64
2103208,16641.0,519971.16,-65.75,4.0,519905.41
2103257,1819.0,55937.08,0.0,0.0,55937.08
2103307,17644.0,533975.65,-128.05,4.0,533847.6
2103406,8357.0,277888.94000000006,-14.57,1.0,277874.37
2103505,7669.0,237077.12,-71.09,3.0,237006.03
2103554,1902.0,55917.67,0.0,0.0,55917.67
2103604,9428.0,286846.91000000003,-71.16000000000001,5.0,286775.75
2103703,5510.0,166294.4,-198.75000000000003,9.0,166095.65
2103752,2190.0,69966.93,-89.27,4.0,69877.66
2103802,3325.0,106808.41,-3.37,1.0,106805.04
2103901,1803.0,54718.91,0.0,0.0,54718.909999999996
2104008,3167.0,99919.24,-211.33999999999997,7.0,99707.9
2104057,5179.0,165866.34,-197.17,8.0,165669.17
2104073,1002.0,29184.019999999997,-12.7,1.0,29171.32
2104081,1289.0,37304.65000000001,0.0,0.0,37304.65
2104099,2291.0,69238.43000000001,0.0,0.0,69238.43
2104107,1711.0,51349.130000000005,0.0,0.0,51349.13
2104206,2756.0,81382.47,-3.04,1.0,81379.43
2104305,1094.0,32413.42,0.0,0.0,32413.42
2104404,2556.0,76742.33,-3.52,2.0,76738.81
2104503,1512.0,45524.2,-14.02,1.0,45510.18
2104552,2952.0,92697.34,0.0,0.0,92697.34
2104602,2156.0,64372.259999999995,-77.16,2.0,64295.1
2104628,1293.0,37964.41,-141.94,4.0,37822.47
2104651,1361.0,41090.06999999999,-278.55,8.0,40811.52
2104677,4201.0,126873.48,-120.48000000000002,7.0,126753.0
2104701,992.0,30454.239999999998,0.0,0.0,30454.24
2104800,10543.0,336216.58,-230.90999999999997,10.0,335985.67
2104909,1689.0,50757.700000000004,-4.36,1.0,50753.34
2105005,3365.0,95591.02,-5.19,1.0,95585.83
2105104,2723.0,83797.9,-19.96,2.0,83777.94
2105153,2063.0,63682.979999999996,0.0,0.0,63682.98
2105203,1414.0,45299.18,0.0,0.0,45299.18
2105302,38345.0,1283683.7000000002,-1689.77,72.0,1281993.93
2105351,1718.0,54398.21,0.0,0.0,54398.21
2105401,9968.0,317048.62,-1404.97,48.0,315643.65
2105427,3721.0,120118.32,-38.57,1.0,120079.75
2105450,1484.0,43650.97,0.0,0.0,43650.97
2105476,1536.0,46199.9,0.0,0.0,46199.9
2105500,3946.0,123195.3,-142.57999999999998,4.0,123052.72
2105609,2315.0,70162.26000000001,-40.28,2.0,70121.98
2105658,927.0,27242.979999999996,0.0,0.0,27242.98
2105708,7956.0,265546.30999999994,-228.88,13.0,265317.43
2105807,1552.0,47573.95,0.0,0.0,47573.95
2105906,2270.0,68154.04999999999,-5.52,2.0,68148.53
2105922,1898.0,53921.99999999999,0.0,0.0,53922.0
2105948,1491.0,47454.82,-74.53,3.0,47380.29
2105963,2403.0,71367.34999999999,0.0,0.0,71367.35
2105989,1258.0,39445.31,0.0,0.0,39445.31
2106003,1820.0,60289.03999999999,-44.519999999999996,4.0,60244.52
2106102,1596.0,47508.100000000006,-6.41,1.0,47501.69
2106201,1154.0,34213.880000000005,-4.88,1.0,34209.0
2106300,2294.0,66613.69,-2.72,1.0,66610.97
2106326,3420.0,105793.91,-384.99999999999994,12.0,105408.91
2106359,844.0,22611.62,0.0,0.0,22611.62
2106375,1721.0,50256.84,-34.02,1.0,50222.82
2106409,3173.0,96191.93,-463.27,16.0,95728.66
2106508,3451.0,114913.23999999999,-184.46999999999997,8.0,114728.77
2106607,4474.0,128734.28,-4.73,1.0,128729.55
2106631,1284.0,37727.34,0.0,0.0,37727.34
2106672,1008.0,29190.79,0.0,0.0,29190.79
2106706,4345.0,126003.88,-132.17,5.0,125871.71
2106755,3103.0,97463.31,-0.02,1.0,97463.29
2106805,2539.0,83155.78,-356.9,8.0,82798.88
2106904,3023.0,86819.98,0.0,0.0,86819.98
2107001,1316.0,39057.770000000004,0.0,0.0,39057.77
2107100,2377.0,69743.22,-191.21,11.0,69552.01
2107209,1097.0,33558.67,0.0,0.0,33558.67
2107258,728.0,19445.010000000002,-102.36,4.0,19342.65
2107308,654.0,18749.35,0.0,0.0,18749.35
2107357,2351.0,69527.32,-139.15,3.0,69388.17
2107407,2991.0,92326.14,-63.330000000000005,4.0,92262.81
2107456,1823.0,57874.130000000005,0.0,0.0,57874.13
2107506,19065.0,636078.93,-386.67,12.0,635692.26
2107605,3377.0,103177.42,-5.33,1.0,103172.09
2107704,3585.0,108256.66,-77.16,2.0,108179.5
2107803,4964.0,143195.61,-97.89999999999999,5.0,143097.71
2107902,3325.0,98118.95,0.0,0.0,98118.95
2108009,3023.0,89840.87,-25.24,2.0,89815.63
2108058,2483.0,69839.79000000001,-16.72,2.0,69823.07
2108108,2806.0,85728.17,-3.82,1.0,85724.35
2108207,5482.0,179410.68,-27.48,3.0,179383.2
2108256,2743.0,82894.63,-12.62,1.0,82882.01
2108306,4226.0,131932.36,-214.46999999999997,8.0,131717.88999999998
2108405,2364.0,68856.93,-3.81,1.0,68853.12
2108454,3295.0,99544.42,-2.93,1.0,99541.49
2108504,4066.0,128534.98,0.0,0.0,128534.98
2108603,14845.0,480367.28,-251.05999999999997,11.0,480116.22
2108702,3756.0,122574.19,-0.47,1.0,122573.72
2108801,2048.0,58823.770000000004,-66.63,3.0,58757.14
2108900,3286.0,103213.34,0.0,0.0,103213.34
2109007,3790.0,125691.06999999999,-48.04,4.0,125643.03
2109056,1080.0,36566.380000000005,-57.33,2.0,36509.05
2109106,6009.0,198477.11,-471.3799999999999,15.0,198005.73
2109205,1365.0,41474.009999999995,0.0,0.0,41474.01
2109239,939.0,28246.84,-12.62,1.0,28234.22
2109270,2866.0,85858.07999999999,-522.9399999999999,17.0,85335.14
2109304,1183.0,35098.12,0.0,0.0,35098.12
2109403,1475.0,42046.490000000005,-0.78,1.0,42045.71
2109452,4735.0,153443.2,-127.01,6.0,153316.19
2109502,3157.0,88314.88,-268.03000000000003,5.0,88046.85
2109551,966.0,29882.33,-76.5,2.0,29805.829999999998
2109601,6028.0,189932.47,-25.25,3.0,189907.22
2109700,867.0,25738.949999999997,-68.82,2.0,25670.13
2109759,1099.0,31955.09,-258.17,9.0,31696.92
2109809,4996.0,156958.39,-103.58000000000001,3.0,156854.81
2109908,11483.0,377439.07999999996,-6.83,2.0,377432.25
2110005,7892.0,244406.63,-179.73,7.0,244226.9
2110039,3887.0,119988.04999999999,-287.42999999999995,11.0,119700.62
2110104,4484.0,138967.31,-134.52,4.0,138832.79
2110203,6416.0,212914.95,-320.02,8.0,212594.93
2110237,1242.0,34932.24,-9.46,1.0,34922.78
2110278,1590.0,46370.420000000006,-0.13,1.0,46370.29
2110302,1996.0,63733.170000000006,0.0,0.0,63733.17
2110401,3042.0,88682.27,-14.93,2.0,88667.34
2110500,5558.0,173478.12999999998,-425.16,16.0,173052.97
2110609,4646.0,138161.44999999998,-9.99,3.0,138151.46
2110658,1174.0,35407.009999999995,0.0,0.0,35407.01
2110708,6439.0,200451.90999999997,-119.22,6.0,200332.69
2110807,643.0,17953.07,-111.34,4.0,17841.73
2110856,1388.0,44350.61,0.0,0.0,44350.61
2110906,1982.0,60485.049999999996,-113.55000000000001,5.0,60371.5
2111003,2900.0,85737.41,-165.77,7.0,85571.64
2111029,1727.0,51365.729999999996,0.0,0.0,51365.73
2111052,1663.0,49978.0,-77.14,2.0,49900.86
2111078,2407.0,69692.88,-92.9,4.0,69599.98
2111102,4626.0,135590.52,-88.75,3.0,135501.77
2111201,33491.0,1108388.3599999999,-4053.58,112.0,1104334.78
2111250,1263.0,39471.83,-2.15,1.0,39469.68
2111300,136336.0,4517416.38,-2638.32,109.0,4514778.06
2111409,2902.0,93490.51000000001,0.0,0.0,93490.51
2111508,7051.0,224132.25,-147.07,6.0,223985.18
2111532,1602.0,49114.649999999994,-17.37,1.0,49097.28
2111573,713.0,20829.71,0.0,0.0,20829.71
2111607,3402.0,108466.97,-4.74,1.0,108462.23
2111631,984.0,28687.9,-35.809999999999995,3.0,28652.09
2111672,933.0,28176.91,-25.42,1.0,28151.49
2111706,2569.0,86385.06,-56.269999999999996,3.0,86328.79
2111722,1215.0,38502.88,0.0,0.0,38502.88
2111748,1777.0,52738.2,0.0,0.0,52738.2
2111763,2830.0,87620.42,-273.32000000000005,8.0,87347.1
2111789,1393.0,44654.89,-67.47,3.0,44587.42
2111805,2628.0,81283.2,-353.79999999999995,10.0,80929.4
2111904,1836.0,51186.149999999994,-115.7,3.0,51070.45
2111953,811.0,22794.239999999998,0.0,0.0,22794.24
2112001,967.0,29073.7,0.0,0.0,29073.7
2112100,3759.0,113098.38999999998,0.0,0.0,113098.39
2112209,27310.0,902475.29,-329.15,16.0,902146.14
2112233,3460.0,109836.81999999999,-4.3,2.0,109832.52
2112274,825.0,24043.4,0.0,0.0,24043.4
2112308,6310.0,198133.08,-49.53,4.0,198083.55
2112407,4153.0,120001.79,-65.56,4.0,119936.23
2112456,3294.0,97927.34,-84.53999999999999,4.0,97842.8
2112506,9382.0,272073.19999999995,-758.6299999999999,26.0,271314.57
2112605,4743.0,138581.77000000002,-223.2,8.0,138358.57
2112704,5441.0,160024.04,-75.22,1.0,159948.82
2112803,7792.0,250740.05,-177.55,10.0,250562.5
2112852,1529.0,47264.950000000004,0.0,0.0,47264.95
2112902,4463.0,136566.0,-21.2,2.0,136544.8
2113009,5105.0,161283.76,-134.01999999999998,4.0,161149.74
2114007,7212.0,226544.69,-38.57,1.0,226506.12
2200053,1311.0,41163.75,0.0,0.0,41163.75
2200103,1016.0,33828.49,0.0,0.0,33828.49
2200202,2782.0,100508.91,-49.64,3.0,100459.27
2200251,1423.0,43056.509999999995,0.0,0.0,43056.51
2200277,917.0,31817.98,-37.29,1.0,31780.69
2200301,2235.0,75247.43,-7.53,2.0,75239.9
2200400,7621.0,273329.5,-7.23,1.0,273322.27
2200459,817.0,29779.13,0.0,0.0,29779.13
2200509,2937.0,106485.66,-15.059999999999999,2.0,106470.6
2200608,1647.0,57806.13,0.0,0.0,57806.13
2200707,1741.0,54022.44,0.0,0.0,54022.44
2200806,453.0,15209.51,-7.02,1.0,15202.49
2200905,1065.0,37140.799999999996,0.0,0.0,37140.8
2200954,533.0,20096.96,0.0,0.0,20096.96
2201002,926.0,30666.500000000004,-15.27,1.0,30651.23
2201051,1393.0,43770.97,0.0,0.0,43770.97
2201101,1814.0,54870.619999999995,0.0,0.0,54870.62
2201150,1875.0,66921.49000000002,0.0,0.0,66921.49
2201176,878.0,28459.420000000002,0.0,0.0,28459.42
2201200,10382.0,380219.56,-15.940000000000001,2.0,380203.62
2201309,359.0,12247.45,0.0,0.0,12247.45
2201408,1083.0,39382.29,0.0,0.0,39382.29
2201507,4950.0,169177.21000000002,-109.31,5.0,169067.9
2201556,857.0,28395.93,0.0,0.0,28395.93
2201572,760.0,25486.07,0.0,0.0,25486.07
2201606,2179.0,73496.87,-2.84,2.0,73494.03
2201705,834.0,30360.92,-8.95,1.0,30351.97
2201739,1182.0,37544.54,0.0,0.0,37544.54
2201770,1374.0,46881.21,0.0,0.0,46881.21
2201804,893.0,30481.03,0.0,0.0,30481.03
2201903,4833.0,187198.19,-6.069999999999999,2.0,187192.12
2201919,1354.0,41502.659999999996,0.0,0.0,41502.66
2201929,1123.0,35249.97,0.0,0.0,35249.97
2201945,1254.0,46014.32,-30.28,2.0,45984.04
2201960,1635.0,56960.009999999995,-9.15,1.0,56950.86
2201988,785.0,25022.899999999998,0.0,0.0,25022.9
2202000,3848.0,129257.12999999999,-20.27,1.0,129236.86
2202026,1378.0,41859.65,-31.64,2.0,41828.01
2202059,1878.0,63776.46000000001,0.0,0.0,63776.46
2202075,572.0,19866.89,-13.36,1.0,19853.53
2202083,1309.0,45970.64,0.0,0.0,45970.64
2202091,1145.0,35006.83,0.0,0.0,35006.83
2202109,891.0,32005.84,0.0,0.0,32005.84
2202117,917.0,28329.9,0.0,0.0,28329.9
2202133,1182.0,40660.81,0.0,0.0,40660.81
2202174,1386.0,48884.07000000001,-23.25,2.0,48860.82
2202208,8347.0,309477.92000000004,-340.94,13.0,309136.98
2202251,485.0,16516.53,0.0,0.0,16516.53
2202307,3811.0,127711.86,-74.36,4.0,127637.5
2202406,2561.0,89596.36,-71.14,3.0,89525.22
2202455,760.0,22546.05,-6.81,1.0,22539.24
2202505,1604.0,47520.03,0.0,0.0,47520.03
2202539,1111.0,35441.740000000005,0.0,0.0,35441.74
2202554,1063.0,33618.19,0.0,0.0,33618.19
2202604,3685.0,121847.36,0.0,0.0,121847.36
2202653,1174.0,39246.25,0.0,0.0,39246.25
2202703,5799.0,187049.36,0.0,0.0,187049.36
2202711,1060.0,37262.549999999996,-1.16,1.0,37261.39
2202729,1452.0,46654.70999999999,-46.21,1.0,46608.5
2202737,721.0,25239.34,0.0,0.0,25239.34
2202752,1214.0,43458.61,0.0,0.0,43458.61
2202778,1347.0,49432.740000000005,-1.86,1.0,49430.88
2202802,990.0,31407.809999999998,-7.16,1.0,31400.65
2202851,705.0,23064.75,0.0,0.0,23064.75
2202901,3916.0,131595.97999999998,-201.5,6.0,131394.48
2203008,963.0,29697.670000000002,0.0,0.0,29697.670000000002
2203107,1651.0,58544.44,0.0,0.0,58544.44
2203206,1783.0,58974.18000000001,0.0,0.0,58974.18
2203230,707.0,24175.9,0.0,0.0,24175.9
2203255,819.0,26287.86,0.0,0.0,26287.86
2203271,977.0,31699.83,0.0,0.0,31699.83
2203305,3564.0,137990.52000000002,-13.100000000000001,2.0,137977.42
2203354,938.0,30389.54,0.0,0.0,30389.54
2203404,1192.0,42381.09,0.0,0.0,42381.09
2203420,789.0,27052.140000000003,0.0,0.0,27052.14
2203453,1687.0,51653.29,-5.12,1.0,51648.17
2203503,2289.0,79345.61,-7.2,1.0,79338.41
2203602,801.0,28865.010000000002,0.0,0.0,28865.01
2203701,7303.0,256227.79,-55.510000000000005,6.0,256172.28
2203750,861.0,27212.46,0.0,0.0,27212.46
2203800,876.0,28240.670000000002,-14.68,1.0,28225.99
2203859,444.0,14192.740000000002,-40.93,2.0,14151.81
2203909,9107.0,347380.65,-3.55,1.0,347377.1
2204006,930.0,31873.880000000005,0.0,0.0,31873.88
2204105,778.0,27376.41,0.0,0.0,27376.41
2204154,616.0,19751.05,0.0,0.0,19751.05
2204204,1368.0,47993.26,0.0,0.0,47993.26
2204303,2143.0,72382.17,0.0,0.0,72382.17
2204352,1466.0,53591.61,0.0,0.0,53591.61
2204402,1621.0,56478.369999999995,0.0,0.0,56478.37
2204501,1572.0,61615.32,0.0,0.0,61615.32
2204550,805.0,21755.550000000003,0.0,0.0,21755.55
2204600,738.0,26579.82,0.0,0.0,26579.82
2204659,1647.0,56493.810000000005,0.0,0.0,56493.81
2204709,2858.0,94553.61,0.0,0.0,94553.61
2204808,1767.0,58131.71000000001,-138.54,3.0,57993.17
2204907,1475.0,50811.630000000005,-15.85,1.0,50795.78
2205003,2092.0,67733.13,-43.32,1.0,67689.81
2205102,1842.0,63626.34,-45.46,1.0,63580.88
2205151,1076.0,32919.91,-62.54,1.0,32857.37
2205201,3744.0,120026.1,-13.82,2.0,120012.28
2205250,796.0,25877.39,0.0,0.0,25877.39
2205276,909.0,30038.22,0.0,0.0,30038.22
2205300,799.0,29068.5,0.0,0.0,29068.5
2205359,479.0,15176.48,-34.39,2.0,15142.09
2205409,2569.0,84989.81,0.0,0.0,84989.81
2205458,1229.0,43341.61,-0.01,1.0,43341.6
2205508,6652.0,244479.97999999998,-106.49000000000001,5.0,244373.49
2205516,991.0,33002.3,-87.27000000000001,2.0,32915.03
2205524,809.0,25071.65,0.0,0.0,25071.65
2205532,1228.0,35112.229999999996,0.0,0.0,35112.23
2205540,560.0,19103.83,-3.83,1.0,19100.0
2205557,1688.0,58776.43,-21.150000000000002,3.0,58755.28
2205565,1064.0,29874.09,0.0,0.0,29874.09
2205573,1427.0,45028.05,0.0,0.0,45028.05
2205581,877.0,31444.04,0.0,0.0,31444.04
2205599,992.0,30496.410000000003,0.0,0.0,30496.41
2205607,1038.0,36151.11,0.0,0.0,36151.11
2205706,5897.0,205340.06,0.0,0.0,205340.06
2205805,4604.0,162306.40999999997,-8.26,2.0,162298.15
2205854,1389.0,48321.42,0.0,0.0,48321.42
2205904,876.0,31419.04,0.0,0.0,31419.04
2205953,1620.0,54119.68,0.0,0.0,54119.68
2206001,710.0,24170.990000000005,-19.9,1.0,24151.09
2206050,1113.0,34559.17,0.0,0.0,34559.17
2206100,2275.0,81090.19,-30.36,1.0,81059.83
2206209,6067.0,211450.71,-180.27,9.0,211270.44
2206308,224.0,8163.799999999999,-13.87,1.0,8149.93
2206357,1496.0,45133.17,-40.17,4.0,45093.0
2206407,1913.0,64237.47,0.0,0.0,64237.47
2206506,1734.0,57771.09,0.0,0.0,57771.09
2206605,1649.0,54815.04000000001,0.0,0.0,54815.04
2206654,504.0,14638.759999999998,0.0,0.0,14638.76
2206670,1382.0,45073.3,0.0,0.0,45073.3
2206696,1379.0,44878.04,-16.77,1.0,44861.27
2206704,1249.0,43787.399999999994,0.0,0.0,43787.4
2206720,1426.0,52436.94,-188.43,1.0,52248.51
2206753,966.0,34022.479999999996,-13.129999999999999,2.0,34009.35
2206803,2232.0,71976.48000000001,-30.77,1.0,71945.71
2206902,1234.0,41112.6,-77.64,3.0,41034.96
2206951,1586.0,60166.17,-30.6,1.0,60135.57
2207009,8826.0,318122.85,-117.61,10.0,318005.24
2207108,515.0,17106.690000000002,0.0,0.0,17106.69
2207207,1652.0,51191.93,0.0,0.0,51191.93
2207306,749.0,25898.64,-11.5,1.0,25887.14
2207355,489.0,15927.39,0.0,0.0,15927.39
2207405,645.0,22725.64,0.0,0.0,22725.64
2207504,2193.0,73418.19,-2073.5,49.0,71344.69
2207553,801.0,28768.020000000004,0.0,0.0,28768.02
2207603,1408.0,47611.37,0.0,0.0,47611.37
2207702,21888.0,787477.0700000001,-142.14,12.0,787334.93
2207751,739.0,24941.340000000004,0.0,0.0,24941.34
2207777,946.0,29032.149999999998,0.0,0.0,29032.15
2207793,787.0,25680.38,0.0,0.0,25680.38
2207801,4292.0,137928.05,-2.26,1.0,137925.79
2207850,911.0,29549.810000000005,0.0,0.0,29549.81
2207900,8357.0,257250.78999999998,-27.41,3.0,257223.38
2207934,520.0,15307.220000000001,-19.57,1.0,15287.65
2207959,867.0,27257.79,0.0,0.0,27257.79
2208007,12931.0,499805.37,-209.33000000000004,5.0,499596.04
2208106,2016.0,66135.83,0.0,0.0,66135.83
2208205,3840.0,120384.20000000001,-46.2,1.0,120338.0
2208304,5489.0,196032.44,-144.47,7.0,195887.97
2208403,11772.0,427055.35,-75.1,11.0,426980.25
2208502,2226.0,76742.51000000001,0.0,0.0,76742.51
2208551,401.0,14887.489999999998,0.0,0.0,14887.49
2208601,798.0,26666.02,-20.74,2.0,26645.28
2208650,1722.0,54742.39,0.0,0.0,54742.39
2208700,1538.0,56899.54000000001,0.0,0.0,56899.54
2208809,3717.0,128718.5,0.0,0.0,128718.5
2208858,617.0,19757.230000000003,0.0,0.0,19757.23
2208874,623.0,19857.18,0.0,0.0,19857.18
2208908,795.0,30004.620000000003,0.0,0.0,30004.62
2209005,1305.0,43878.21000000001,0.0,0.0,43878.21
2209104,1046.0,39740.0,-7.68,1.0,39732.32
2209153,600.0,19974.71,0.0,0.0,19974.71
2209203,784.0,26827.25,0.0,0.0,26827.25
2209302,878.0,30957.989999999998,0.0,0.0,30957.99
2209351,786.0,28439.309999999998,0.0,0.0,28439.31
2209377,959.0,32814.25,0.0,0.0,32814.25
2209401,1178.0,40790.31,-48.35,1.0,40741.96
2209450,346.0,12728.3,0.0,0.0,12728.3
2209500,622.0,20241.65,0.0,0.0,20241.65
2209559,1082.0,33343.630000000005,-0.01,1.0,33343.62
2209609,442.0,16257.949999999999,0.0,0.0,16257.95
2209658,1147.0,32593.26,-6.14,1.0,32587.12
2209708,987.0,32682.89,-7.55,1.0,32675.34
2209757,474.0,15802.44,0.0,0.0,15802.44
2209807,937.0,33373.11,0.0,0.0,33373.11
2209856,783.0,24713.489999999998,0.0,0.0,24713.49
2209872,1164.0,37918.47,0.0,0.0,37918.47
2209906,1063.0,35202.56,-4.57,1.0,35197.99
2209955,827.0,30524.64,0.0,0.0,30524.64
2209971,1931.0,61047.92,0.0,0.0,61047.92
2210003,3655.0,130711.21,-14.530000000000001,3.0,130696.68000000001
2210052,1208.0,41696.31,0.0,0.0,41696.31
2210102,569.0,18814.719999999998,0.0,0.0,18814.72
2210201,1199.0,41211.84999999999,0.0,0.0,41211.85
2210300,992.0,32620.45,0.0,0.0,32620.45
2210359,792.0,24462.57,0.0,0.0,24462.57
2210375,472.0,16141.920000000002,0.0,0.0,16141.92
2210383,374.0,12438.05,0.0,0.0,12438.05
2210391,408.0,13615.759999999998,0.0,0.0,13615.76
2210409,2921.0,98144.78,-7.72,1.0,98137.06
2210508,2888.0,100663.09,-6.12,1.0,100656.97
2210607,6972.0,238638.13,-22.22,2.0,238615.91
2210623,475.0,14263.59,0.0,0.0,14263.59
2210631,628.0,22259.47,0.0,0.0,22259.47
2210656,2071.0,66978.81,-2.32,1.0,66976.49
2210706,2479.0,83778.03,0.0,0.0,83778.03
2210805,2325.0,82089.4,-29.53,2.0,82059.87
2210904,742.0,24175.980000000003,0.0,0.0,24175.98
2210938,1370.0,51921.39,0.0,0.0,51921.39
2210953,576.0,16482.58,0.0,0.0,16482.58
2210979,577.0,18223.559999999998,0.0,0.0,18223.56
2211001,92324.0,3679848.5300000003,-5514.49,180.0,3674334.04
2211100,9051.0,345469.57999999996,-59.11,4.0,345410.47
2211209,3369.0,132775.25999999998,-118.22,3.0,132657.04
2211308,4287.0,148592.88,-74.92,3.0,148517.96
2211357,1026.0,31828.64,0.0,0.0,31828.64
2211407,938.0,32861.399999999994,0.0,0.0,32861.4
2211506,707.0,22619.82,0.0,0.0,22619.82
2211605,448.0,13688.220000000001,0.0,0.0,13688.22
2211704,810.0,26999.82,0.0,0.0,26999.82
2300101,1983.0,54415.100000000006,-258.85,8.0,54156.25
2300150,2583.0,73812.71999999999,-130.62,5.0,73682.1
2300200,11908.0,344613.52,-1112.2900000000002,35.0,343501.23
2300309,9732.0,260989.37000000002,-995.39,34.0,259993.98000000004
2300408,3390.0,85489.02000000002,-528.05,19.0,84960.97000000002
2300507,1852.0,46708.18,-70.60000000000001,3.0,46637.58
2300606,2012.0,50390.399999999994,-238.3,8.0,50152.100000000006
2300705,2166.0,63018.689999999995,-446.84,14.0,62571.84999999999
2300754,8290.0,224259.62999999995,-1561.3600000000001,57.0,222698.26999999996
2300804,2173.0,60136.68000000001,-104.62,3.0,60032.06
2300903,3415.0,90175.89,-338.13,11.0,89837.76000000001
2301000,14477.0,438519.94,-1127.78,37.0,437392.16
2301109,12220.0,349271.06000000006,-1849.2599999999998,60.0,347421.80000000005
2301208,5596.0,154814.05999999997,-550.25,19.0,154263.81
2301257,2483.0,65389.59000000001,-194.95,6.0,65194.64
2301307,4436.0,111975.04000000001,-551.56,19.0,111423.48000000001
2301406,2432.0,59070.340000000004,-110.81,6.0,58959.53
2301505,1275.0,33842.8,-55.12,2.0,33787.68
2301604,5764.0,157205.08,-836.84,25.0,156368.24
2301703,5067.0,139354.85,-578.83,19.0,138776.02
2301802,1110.0,31501.82,-116.22999999999999,5.0,31385.59
2301851,3018.0,86186.62000000001,-247.53,8.0,85939.09
2301901,12087.0,348720.7,-2792.0699999999997,92.0,345928.63
2301950,4394.0,128877.31,-173.14,6.0,128704.17
2302008,4206.0,117832.06999999998,-378.73,16.0,117453.34000000001
2302057,4030.0,102549.40999999999,-146.85000000000002,8.0,102402.55999999998
2302107,8405.0,232730.51999999996,-489.88999999999993,16.0,232240.63
2302206,12081.0,331989.21,-1344.1599999999999,51.0,330645.05000000005
2302305,5594.0,151695.7,-409.99,14.0,151285.71
2302404,10738.0,289616.79999999993,-1256.4499999999998,44.0,288360.35000000003
2302503,8258.0,243261.37000000002,-524.3900000000001,17.0,242736.98
2302602,14084.0,385894.83999999997,-1383.3400000000001,49.0,384511.5
2302701,5494.0,145931.08,-345.53999999999996,13.0,145585.54
2302800,17387.0,486240.44999999995,-2636.02,88.0,483604.43000000005
2302909,3972.0,103341.18,-397.88,14.0,102943.3
2303006,3163.0,88297.23000000001,-223.24999999999997,9.0,88073.98
2303105,3318.0,91298.72999999998,-217.04,8.0,91081.68999999999
2303204,6406.0,170279.71999999997,-873.96,30.0,169405.75999999998
2303303,3354.0,93139.48999999999,-244.63,9.0,92894.86000000002
2303402,2911.0,71704.67,-132.06,4.0,71572.61
2303501,16166.0,459914.30999999994,-2535.56,93.0,457378.75000000006
2303600,2042.0,52046.520000000004,-363.5,11.0,51683.02
2303659,2451.0,68140.93999999999,-219.97000000000003,8.0,67920.97
2303709,68365.0,2052779.28,-10205.420000000002,303.0,2042573.86
2303808,4555.0,128496.1,-964.1500000000001,31.0,127531.95000000001
2303907,2782.0,73850.93000000001,-103.64000000000001,6.0,73747.29
2303931,2348.0,58393.9,-474.7800000000001,16.0,57919.12
2303956,3773.0,106852.88,-110.62,4.0,106742.26000000001
2304004,4484.0,125585.81000000001,-770.84,29.0,124814.97
2304103,12703.0,359752.06999999995,-1367.14,53.0,358384.93
2304202,28380.0,812561.15,-9133.890000000001,321.0,803427.26
2304236,3358.0,85830.41,-548.25,19.0,85282.16
2304251,5373.0,151866.36000000002,-414.99999999999994,13.0,151451.36
2304269,1690.0,47251.33,-57.92,3.0,47193.409999999996
2304277,1103.0,32571.190000000002,-45.11,2.0,32526.079999999998
2304285,8217.0,257110.38,-613.5599999999998,19.0,256496.82
2304301,3888.0,103727.41,-492.35999999999996,15.0,103235.05
2304350,4081.0,117485.04999999999,-315.1,10.0,117169.95
2304400,394470.0,11953710.639999999,-55132.28999999999,1815.0,11898578.35
2304459,3284.0,93159.48,-611.85,18.0,92547.62999999999
2304509,3155.0,90474.12000000002,-338.37,11.0,90135.75000000001
2304608,1432.0,38515.689999999995,-211.02999999999997,7.0,38304.66
2304657,3092.0,84690.07,-478.9,15.0,84211.17
2304707,10669.0,276267.71,-527.1200000000001,19.0,275740.59
2304806,998.0,28540.570000000003,-199.61,6.0,28340.96
2304905,2340.0,65556.67,-190.32,8.0,65366.35
2304954,4202.0,121029.77000000002,-398.61,11.0,120631.16
2305001,7043.0,175469.24000000002,-608.24,20.0,174861.0
2305100,993.0,26396.78,-20.96,1.0,26375.82
2305209,3936.0,110184.69,-572.8,19.0,109611.89
2305233,14411.0,428718.99,-2208.28,80.0,426510.70999999996
2305266,2203.0,58007.54,-297.80999999999995,11.0,57709.73
2305308,3912.0,96351.54000000001,-395.97,15.0,95955.56999999998
2305332,2659.0,72088.45,-363.43999999999994,13.0,71725.01
2305357,3448.0,100311.20000000001,-296.52000000000004,11.0,100014.68000000001
2305407,10555.0,306392.20999999996,-1991.4100000000003,62.0,304400.8
2305506,17425.0,513472.43000000005,-2720.8,88.0,510751.63
2305605,4821.0,129937.34,-592.72,22.0,129344.62
2305654,2414.0,65841.33,-130.37,6.0,65710.95999999999
2305704,2147.0,62942.229999999996,-420.72,16.0,62521.51
2305803,9083.0,256270.70999999996,-997.6099999999999,37.0,255273.09999999998
2305902,6732.0,180101.93999999997,-457.05,16.0,179644.89
2306009,2736.0,78671.33,-290.66999999999996,9.0,78380.66
2306108,5155.0,140009.2,-1151.2900000000002,36.0,138857.90999999997
2306207,1485.0,40892.25,-71.46000000000001,2.0,40820.79
2306256,10490.0,320570.82999999996,-946.2900000000001,32.0,319624.54000000004
2306306,10596.0,275556.86000000004,-1746.9600000000003,63.0,273809.9
2306405,25089.0,686791.9099999999,-4104.15,141.0,682687.7599999999
2306504,3757.0,103306.28,-382.97,13.0,102923.31
2306553,7482.0,214626.13,-615.28,22.0,214010.85
2306603,4103.0,99837.23,-619.8800000000001,25.0,99217.35
2306702,3579.0,100273.48999999999,-708.0500000000001,22.0,99565.44
2306801,1923.0,55047.05999999999,-325.84000000000003,12.0,54721.219999999994
2306900,5830.0,166958.2,-988.8299999999999,32.0,165969.37
2307007,6673.0,191210.59000000003,-1009.38,33.0,190201.21000000005
2307106,5579.0,142656.0,-722.36,25.0,141933.64
2307205,1320.0,36438.61000000001,-191.54,5.0,36247.07
2307254,4465.0,128605.38,-343.67999999999995,11.0,128261.7
2307304,60183.0,1808530.56,-7465.170000000001,254.0,1801065.3900000001
2307403,4256.0,122497.63,-596.49,19.0,121901.14
2307502,5477.0,155662.11000000002,-359.31,15.0,155302.8
2307601,8101.0,239149.28,-1702.96,53.0,237446.32
2307635,3719.0,98964.43,-615.38,22.0,98349.05
2307650,40884.0,1256015.4599999997,-5297.9,179.0,1250717.56
2307700,23953.0,698614.31,-3749.4300000000003,124.0,694864.8799999999
2307809,5675.0,159645.84,-504.64,17.0,159141.2
2307908,3175.0,81257.8,-257.07,11.0,81000.73000000001
2308005,7987.0,224832.97000000003,-1197.9499999999998,39.0,223635.02000000002
2308104,7310.0,206458.24000000002,-482.1799999999999,16.0,205976.06
2308203,2895.0,71185.47000000002,-616.5899999999999,25.0,70568.88000000002
2308302,5354.0,152358.99000000002,-493.41,17.0,151865.58
2308351,2373.0,67455.57,-194.15999999999997,6.0,67261.41
2308377,2709.0,72728.95,-97.42,4.0,72631.53
2308401,7164.0,200929.46999999997,-440.52,18.0,200488.95
2308500,7457.0,201324.54,-3187.2899999999995,111.0,198137.25
2308609,3523.0,92870.09999999998,-197.73000000000002,7.0,92672.37
2308708,12911.0,359394.6699999999,-2782.0,95.0,356612.6700000001
2308807,1711.0,47602.75000000001,-84.08,3.0,47518.670000000006
2308906,3993.0,109040.76,-60.47,3.0,108980.29000000001
2309003,2964.0,78424.87,-153.84,5.0,78271.03000000001
2309102,1969.0,48407.72,-175.91,5.0,48231.81
2309201,3775.0,103559.04999999999,-291.59999999999997,11.0,103267.45000000001
2309300,5835.0,161892.68000000002,-621.25,22.0,161271.43
2309409,6719.0,188028.58000000002,-377.53000000000003,19.0,187651.05
2309458,4928.0,134365.35,-368.45,13.0,133996.9
2309508,4605.0,131374.73,-322.98,13.0,131051.75000000001
2309607,11516.0,351080.83,-2600.2000000000003,86.0,348480.63
2309706,12472.0,382818.41000000003,-1666.87,58.0,381151.54000000004
2309805,2189.0,53102.490000000005,-154.5,5.0,52947.99
2309904,1313.0,37872.62,-65.6,2.0,37807.020000000004
2310001,1968.0,55434.37999999998,-169.88,6.0,55264.5
2310100,1906.0,46528.65,-71.13,4.0,46457.520000000004
2310209,7685.0,216387.34000000003,-739.68,28.0,215647.66
2310258,6845.0,194338.14,-1366.72,50.0,192971.41999999998
2310308,5572.0,146676.9,-455.04,15.0,146221.86
2310407,2437.0,64515.98999999999,-220.0,9.0,64295.99
2310506,9061.0,227067.94999999998,-685.2699999999999,27.0,226382.68000000002
2310605,1958.0,55542.7,-188.74999999999997,7.0,55353.95
2310704,7167.0,201314.78999999998,-920.5200000000001,30.0,200394.27000000002
2310803,2743.0,72287.78,-195.47,9.0,72092.31
2310852,5075.0,146832.36000000002,-963.33,33.0,145869.03
2310902,3030.0,83237.68999999999,-278.54,11.0,82959.15
2310951,1576.0,43663.469999999994,-190.61,6.0,43472.85999999999
2311009,2739.0,66180.49999999999,-130.17000000000002,6.0,66050.33
2311108,3214.0,86974.62,-414.82,14.0,86559.8
2311207,1937.0,49082.65999999998,-141.61999999999998,7.0,48941.04
2311231,1353.0,37472.81,-168.60999999999999,6.0,37304.2
2311264,3969.0,107413.90999999999,-298.13,9.0,107115.78
2311306,20399.0,576077.0000000001,-3603.75,121.0,572473.2500000001
2311355,2920.0,84126.65,-271.51,8.0,83855.14
2311405,14396.0,401060.94,-3054.62,108.0,398006.31999999995
2311504,3578.0,98860.54,-656.44,20.0,98204.09999999999
2311603,5429.0,149207.06000000003,-417.65,14.0,148789.41
2311702,3744.0,104742.46999999997,-245.41999999999993,29.0,104497.05
2311801,12480.0,351415.8,-2617.7000000000003,93.0,348798.1
2311900,3182.0,86188.94000000002,-178.86,6.0,86010.08
2311959,3869.0,100211.02,-460.03,16.0,99750.99
2312007,5747.0,156121.58000000002,-658.8199999999999,22.0,155462.76
2312106,3782.0,98289.95000000001,-345.71999999999997,11.0,97944.23
2312205,8477.0,244593.62999999998,-622.46,22.0,243971.17
2312304,7413.0,181262.21000000002,-385.19000000000005,16.0,180877.02000000002
2312403,6780.0,197245.1,-529.6499999999999,21.0,196715.45
2312502,1171.0,28234.19,-12.9,1.0,28221.289999999997
2312601,2710.0,74578.06,-394.65,12.0,74183.41
2312700,4625.0,125439.61,-1034.2499999999998,39.0,124405.36000000002
2312809,1554.0,41467.21,-227.38,6.0,41239.83
2312908,33548.0,1005570.8099999999,-6356.19,211.0,999214.6200000001
2313005,3010.0,86240.56,-205.60000000000002,6.0,86034.95999999999
2313104,6355.0,181796.62000000002,-1491.13,52.0,180305.49000000005
2313203,5065.0,141274.86999999997,-404.47999999999996,14.0,140870.39
2313252,1538.0,43063.369999999995,-57.22,3.0,43006.15
2313302,9780.0,267017.19000000006,-1153.4899999999998,40.0,265863.7
2313351,3974.0,103529.72,-326.39,10.0,103203.33
2313401,14651.0,383846.23000000004,-1171.9899999999998,38.0,382674.24
2313500,10776.0,301673.02999999997,-940.22,36.0,300732.81
2313559,3596.0,96461.51,-366.13,11.0,96095.38000000002
2313609,5424.0,141089.43,-185.67,7.0,140903.76
2313708,1442.0,41051.409999999996,-112.03,4.0,40939.38
2313757,3227.0,90127.48999999999,-307.67,12.0,89819.82
2313807,4461.0,121878.17,-498.56999999999994,16.0,121379.6
2313906,2873.0,77379.67000000001,-111.82,3.0,77267.85
2313955,3881.0,113463.09999999999,-288.46999999999997,8.0,113174.63
2314003,8439.0,239454.90999999997,-1543.38,51.0,237911.53
2314102,10266.0,260039.58000000002,-670.6299999999999,23.0,259368.95000000004
3521150,271.0,8731.980000000001,0.0,0.0,8731.98
3529500,279.0,7645.0599999999995,0.0,0.0,7645.06
3532801,443.0,11739.880000000001,0.0,0.0,11739.880000000001
3549805,17491.0,540271.8400000002,-1971.91,63.0,538299.93
4104659,1162.0,29458.95,-19.009999999999998,2.0,29439.94
4104907,5118.0,126123.74,-135.2,15.0,125988.54000000001
4202537,49.0,1310.17,0.0,0.0,1310.17
4205175,36.0,1021.7300000000001,0.0,0.0,1021.73
4207684,83.0,2287.83,-27.45,1.0,2260.38
4209458,22.0,588.16,0.0,0.0,588.16
4210555,8.0,216.67000000000002,0.0,0.0,216.67000000000002
4219507,408.0,11092.14,0.0,0.0,11092.14
4219705,236.0,6772.26,0.0,0.0,6772.26
4300307,205.0,6068.700000000001,0.0,0.0,6068.7
4300505,184.0,4936.27,0.0,0.0,4936.2699999999995
4300646,427.0,11960.289999999999,0.0,0.0,11960.289999999999
4302154,99.0,2611.91,0.0,0.0,2611.91
4303400,151.0,4443.460000000001,0.0,0.0,4443.46
4303707,63.0,1582.09,0.0,0.0,1582.09
4304309,56.0,1546.6999999999998,-34.66,1.0,1512.04
4305157,95.0,2664.2,0.0,0.0,2664.2
4305900,656.0,19416.95,-143.2,4.0,19273.75
4306072,171.0,4623.36,0.0,0.0,4623.360000000001
4306429,162.0,4509.150000000001,-32.61,1.0,4476.54
4308508,956.0,29039.940000000002,-194.82,6.0,28845.12
4309001,1283.0,39885.11,-153.67,5.0,39731.44
4310504,447.0,13511.82,0.0,0.0,13511.82
4310850,176.0,4798.219999999999,0.0,0.0,4798.22
4311429,183.0,4677.99,-64.56,2.0,4613.43
4311601,196.0,5732.130000000001,0.0,0.0,5732.129999999999
4312302,245.0,7029.0599999999995,-65.82,2.0,6963.24
4313441,112.0,3108.5299999999997,0.0,0.0,3108.53
4313490,222.0,6483.09,-35.010000000000005,2.0,6448.08
4313706,2699.0,78963.34000000001,-176.82,7.0,78786.52
4313805,307.0,9064.829999999998,-83.33,3.0,8981.5
4314456,85.0,2374.6000000000004,0.0,0.0,2374.6
4314498,166.0,4736.030000000001,-32.67,1.0,4703.360000000001
4314704,408.0,12308.58,-92.36,3.0,12216.22
4315008,182.0,5341.400000000001,-107.39999999999999,3.0,5234.0
4315073,42.0,1124.1399999999999,0.0,0.0,1124.1399999999999
4315404,557.0,16793.88,-82.19999999999999,2.0,16711.679999999997
4315909,358.0,10028.73,0.0,0.0,10028.73
4316428,159.0,4671.2,-11.73,1.0,4659.47
4317202,2509.0,78265.03000000001,-377.91,12.0,77887.12000000001
4317905,256.0,7992.910000000001,-56.26,2.0,7936.65
4320206,506.0,15123.010000000002,-71.03999999999999,3.0,15051.97
4320321,38.0,626.02,0.0,0.0,626.02
4321329,67.0,1932.81,-11.73,1.0,1921.08
4322343,31.0,969.91,0.0,0.0,969.9100000000001
4323101,410.0,12136.840000000002,-47.53,2.0,12089.310000000001
4323507,51.0,1561.1799999999996,0.0,0.0,1561.18
0,138.0,4344.780000000001,-97.88000000000001,4.0,4246.9
3107208,562.0,15073.26,-197.0,7.0,14876.260000000002
3300100,21682.0,799328.9700000002,-2536.6,48.0,796792.37
3300159,1620.0,60268.79,-37.96,1.0,60230.83
3300225,1551.0,60021.649999999994,-72.06,2.0,59949.59
3300233,5837.0,228109.22,-784.74,20.0,227324.48
3300258,5451.0,188801.82,-429.04,12.0,188372.78
3300506,3468.0,121987.97000000002,-126.34,3.0,121861.63
3300605,5024.0,191927.72000000003,-180.34,5.0,191747.38
3300704,29575.0,1022168.1800000002,-2950.0699999999997,81.0,1019218.1100000001
3300803,8526.0,366467.67000000004,-845.38,26.0,365622.29
3300902,2031.0,74156.06,-43.65,1.0,74112.41
3300936,1935.0,71708.22,-31.62,1.0,71676.6
3301009,64291.0,2413359.900000001,-6623.650000000001,173.0,2406736.25
3301108,2144.0,78916.07,-210.56,6.0,78705.51
3301157,1895.0,68559.22,-268.0,6.0,68291.22
3301207,2675.0,8073.66,-83233.61000000002,2437.0,-75159.95
3301306,5948.0,228516.12999999998,-1628.3499999999997,18.0,226887.78
3301405,3647.0,133074.71999999997,-648.11,15.0,132426.61000000002
3301504,2587.0,94612.74000000002,-177.13,4.0,94435.61
3301603,1583.0,56370.22,-135.23000000000002,3.0,56234.990000000005
3301702,97049.0,1391146.7399999998,-1649938.9000000001,56942.0,-258792.16000000018
3301850,8146.0,318722.38999999996,-1180.64,25.0,317541.75000000006
3301876,4797.0,182412.60999999996,-349.3,10.0,182063.31
3301900,32126.0,1178914.43,-5608.7300000000005,134.0,1173305.7
3302056,1893.0,75088.88000000002,-120.47999999999999,4.0,74968.40000000001
3302106,2743.0,99771.5,-224.86,5.0,99546.64
3302205,12624.0,476210.1900000001,-1053.4399999999998,28.0,475156.75
3302254,3922.0,153369.68,-380.70000000000005,10.0,152988.98
3302304,1279.0,48494.51,-15.53,1.0,48478.979999999996
3302403,27944.0,990825.29,-2059.2400000000002,58.0,988766.05
3302452,1238.0,45572.94999999999,-130.76,3.0,45442.19
3302502,36859.0,1496484.04,-8508.18,174.0,1487975.86
3302601,6210.0,218390.83000000002,-746.82,12.0,217644.00999999998
3303005,4564.0,169337.61,-278.26,8.0,169059.35
3303104,2213.0,79784.67,-103.26,3.0,79681.40999999999
3303302,33126.0,1139044.0099999998,-4103.75,95.0,1134940.26
3303401,11363.0,375736.04999999993,-0.85,1.0,375735.2
3303708,5249.0,4878.089999999998,-181846.57,5113.0,-176968.48
3303807,5969.0,225843.32000000004,-563.96,13.0,225279.36
3303906,33942.0,1243452.46,-4310.83,112.0,1239141.6300000001
3304102,2907.0,105759.81,-47.94,1.0,105711.87
3304110,2603.0,103720.37999999999,-360.51,9.0,103359.87
3304151,3629.0,133342.88,-452.19000000000005,14.0,132890.69
3304201,12397.0,477722.74000000005,-1391.7800000000002,33.0,476330.96
3304524,20467.0,769887.7299999999,-2229.72,58.0,767658.01
3304607,1121.0,37610.75,-15.58,1.0,37595.17
3304706,6126.0,228609.27,-378.68999999999994,9.0,228230.58000000002
3304755,9703.0,337485.85000000003,-687.97,23.0,336797.87999999995
3304805,5278.0,191511.26999999996,-325.01,9.0,191186.25999999998
3304904,90727.0,3034022.84,-14948.720000000001,349.0,3019074.1199999996
3305000,7070.0,252438.86000000002,-744.83,17.0,251694.03000000003
3305133,833.0,31392.839999999997,-89.85,2.0,31302.989999999998
3305158,2718.0,90464.32999999999,-9121.210000000003,266.0,81343.12000000001
3305208,13115.0,479222.37999999995,-1407.94,32.0,477814.44
3305307,926.0,33524.85999999999,-263.89,6.0,33260.97
3305604,3011.0,112355.46999999999,-357.84000000000003,8.0,111997.63
3305703,1330.0,45751.5,-47.57,1.0,45703.93
3305752,4764.0,186338.27,-676.12,19.0,185662.15
3305802,22826.0,835848.4900000002,-819.1899999999999,24.0,835029.2999999999
3305901,1078.0,36145.759999999995,0.0,0.0,36145.759999999995
3306008,11200.0,22254.440000000002,-383612.92,10611.0,-361358.48
3306156,1749.0,62404.37,0.0,0.0,62404.37
1300029,1853.0,70375.51,0.0,0.0,70375.51000000001
1300060,1250.0,59215.29,0.0,0.0,59215.29
1300086,1440.0,57236.4,-94.1,2.0,57142.3
1300102,1374.0,52207.729999999996,-47.05,1.0,52160.67999999999
1300144,1209.0,47291.060000000005,-47.05,1.0,47244.009999999995
1300201,948.0,38084.39,0.0,0.0,38084.39
1300300,3761.0,144063.39,-311.98,6.0,143751.40999999997
1300409,1261.0,63353.259999999995,0.0,0.0,63353.26
1300508,2653.0,92454.87,-362.71999999999997,8.0,92092.15
1300607,3742.0,148255.40000000002,-111.88,2.0,148143.52000000002
1300631,2585.0,95822.44,-47.05,1.0,95775.39
1300706,3707.0,130054.45000000001,-94.1,2.0,129960.35
1300805,2556.0,94341.17,0.0,0.0,94341.17
1300839,1345.0,52358.270000000004,-47.05,1.0,52311.22
1300904,1773.0,72830.82,-47.05,1.0,72783.76999999999
1301001,3867.0,150253.66000000003,-47.05,1.0,150206.61
1301100,2378.0,75319.59,-128.95,3.0,75190.64
1301159,1077.0,30238.49,-15.41,1.0,30223.079999999998
1301209,5909.0,213203.69,-47.05,1.0,213156.64
1301308,2084.0,76935.62,0.0,0.0,76935.62
1301407,3353.0,123671.69,0.0,0.0,123671.69
1301506,2290.0,90759.05000000002,0.0,0.0,90759.05
1301605,2027.0,69895.76000000001,-47.05,1.0,69848.70999999999
1301654,2045.0,78304.54000000001,0.0,0.0,78304.54000000001
1301704,4879.0,199876.63,-273.81,6.0,199602.82
1301803,2333.0,86975.37,-30.82,2.0,86944.55
1301852,4458.0,161258.27000000002,0.0,0.0,161258.27
1301902,6503.0,234013.75,-454.38,10.0,233559.37000000002
1301951,1343.0,52446.49,0.0,0.0,52446.490000000005
1302009,1080.0,37203.52,-47.05,1.0,37156.47
1302108,637.0,26001.600000000002,-47.05,1.0,25954.55
1302207,1385.0,52912.09,0.0,0.0,52912.09
1302306,2328.0,94831.86,-47.05,1.0,94784.81
1302405,5479.0,217069.52,-111.88,2.0,216957.64
1302504,10407.0,381742.13,-104.42999999999999,3.0,381637.7
1302553,1552.0,49431.31,-94.08,2.0,49337.229999999996
1302603,99132.0,4000221.67,-4503.78,96.0,3995717.89
1302702,4960.0,190405.37000000002,-141.14999999999998,3.0,190264.22
1302801,964.0,38227.350000000006,0.0,0.0,38227.35
1302900,3137.0,113730.06,-47.05,1.0,113683.01000000001
1303007,2157.0,81932.34999999999,-65.93,2.0,81866.42
1303106,2022.0,71176.36000000002,0.0,0.0,71176.36
1303205,1469.0,55350.93000000001,-53.03,2.0,55297.9
1303304,1494.0,57680.54,0.0,0.0,57680.54
1303403,8305.0,319712.31,-24.81,1.0,319687.5
1303536,2038.0,72464.20000000001,-51.62,1.0,72412.58
1303569,2073.0,73264.51,0.0,0.0,73264.51000000001
1303601,826.0,47371.36,0.0,0.0,47371.35999999999
1303700,2210.0,88364.95999999999,0.0,0.0,88364.95999999999
1303809,2141.0,110871.24,0.0,0.0,110871.24
1303908,3289.0,148753.05,0.0,0.0,148753.05000000002
1303957,1053.0,40886.3,0.0,0.0,40886.299999999996
1304005,778.0,31637.120000000003,-64.83,1.0,31572.29
1304062,4668.0,189684.79,0.0,0.0,189684.79
1304104,2380.0,91017.04999999999,0.0,0.0,91017.04999999999
1304203,6311.0,239084.47,-132.44,3.0,238952.03
1304237,1567.0,56939.049999999996,-174.07999999999998,13.0,56764.97
1304260,1526.0,58970.130000000005,-47.05,1.0,58923.08
1304302,1495.0,60426.75,0.0,0.0,60426.75
1304401,3050.0,99587.3,-47.05,1.0,99540.25
1400027,961.0,32518.09,0.0,0.0,32518.09
1400050,1248.0,40087.89,0.0,0.0,40087.89
1400100,26125.0,885286.81,-445.95000000000005,13.0,884840.86
1400159,1507.0,53321.880000000005,0.0,0.0,53321.88
1400175,2150.0,67133.79000000001,-69.19,2.0,67064.6
1400209,1962.0,59979.67,-35.24,1.0,59944.43
1400233,1057.0,31786.480000000003,-31.63,1.0,31754.85
1400282,838.0,25803.08,0.0,0.0,25803.08
1400308,1885.0,58855.87000000001,0.0,0.0,58855.87
1400407,1312.0,46988.89,-43.33,1.0,46945.56
1400456,1347.0,39566.81,0.0,0.0,39566.81
1400472,2827.0,86283.51000000001,-46.8,2.0,86236.71
1400506,816.0,25234.92,0.0,0.0,25234.920000000002
1400605,718.0,21423.519999999997,-16.29,1.0,21407.23
1400704,386.0,11996.970000000001,0.0,0.0,11996.97
2800407,2167.0,52630.77,0.0,0.0,52630.77
2800670,4682.0,118144.81000000001,0.0,0.0,118144.81
2801702,3021.0,75990.92,0.0,0.0,75990.92
2802106,11577.0,308155.09,-136.97,6.0,308018.11999999994
2802809,2833.0,71686.37,0.0,0.0,71686.37
2803005,8897.0,218395.04,-34.22,1.0,218360.82
2805109,2022.0,49805.65,0.0,0.0,49805.65
2805802,3844.0,87164.93000000001,0.0,0.0,87164.93
2806305,2666.0,74721.16,0.0,0.0,74721.16
2807402,10749.0,263641.12,-93.6,4.0,263547.52
2807501,2605.0,61041.81,0.0,0.0,61041.81
2807600,4469.0,113700.46,0.0,0.0,113700.46
2917904,2004.0,50052.66,0.0,0.0,50052.66
2927002,6567.0,156529.82,0.0,0.0,156529.82
3106101,203.0,6279.490000000001,-87.1,2.0,6192.389999999999
3116209,308.0,7746.1,-2989.71,83.0,4756.389999999999
3155900,815.0,22519.510000000002,-338.47999999999996,13.0,22181.03
3167509,158.0,4863.000000000001,-258.12,8.0,4604.879999999999
3300308,10255.0,956.4099999999999,-352067.83,10207.0,-351111.42
3300407,17262.0,1030.88,-617079.9299999999,17232.0,-616049.05
3300456,55918.0,7790.169999999999,-1347463.53,55570.0,-1339673.36
3300951,1103.0,28.7,-40048.93,1101.0,-40020.23
3301801,1905.0,373.89,-63354.94,1887.0,-62981.05
3302007,12250.0,706.9900000000001,-377235.48,12224.0,-376528.49
3302270,8776.0,819.0800000000003,-231405.17,8753.0,-230586.09
3302809,2502.0,489.45,-84346.29,2489.0,-83856.84
3302858,20174.0,3822.88,-599041.4500000001,20011.0,-595218.57
3302908,4102.0,346.63,-143885.71,4093.0,-143539.08
3303203,13869.0,1938.91,-434043.06,13794.0,-432104.15
3303500,105976.0,27289.53,-3183925.13,105076.0,-3156635.6
3303609,6205.0,644.8000000000001,-207709.02000000002,6187.0,-207064.22
3303856,4057.0,35.87,-141238.45,4056.0,-141202.58
3303955,3305.0,420.63000000000005,-115906.69,3293.0,-115486.06
3304003,3379.0,719.1500000000001,-117526.29000000001,3355.0,-116807.14
3304128,1720.0,0.0,-60977.36,1720.0,-60977.36
3304144,16410.0,2853.7699999999995,-495154.83,16293.0,-492301.06
3304409,2412.0,114.07,-79495.32,2409.0,-79381.25
3304508,1358.0,0.0,-47749.880000000005,1358.0,-47749.88
3304557,448625.0,60571.39,-13274034.98,446564.0,-13213463.59
3305109,39113.0,6504.66,-1058493.02,38795.0,-1051988.36
3305406,2397.0,78.8,-82663.78,2395.0,-82584.98
3305554,10674.0,1695.4399999999998,-342672.84,10599.0,-340977.4
3306107,10076.0,914.6199999999999,-342843.73,10044.0,-341929.11
3306206,4247.0,76.4,-151432.67,4244.0,-151356.27
3306305,25945.0,3193.7099999999996,-929444.4400000001,25858.0,-926250.73
3501152,378.0,11449.65,-133.14999999999998,3.0,11316.5
3502754,1161.0,36404.81,0.0,0.0,36404.81
3503802,1974.0,62154.54,-433.95000000000005,13.0,61720.59
3504503,3621.0,101036.40000000001,-63.41,2.0,100972.99
3508405,1102.0,34890.83,-251.53000000000003,7.0,34639.3
3515152,851.0,26047.760000000002,-31.29,1.0,26016.47
3519055,80.0,2207.14,0.0,0.0,2207.14
3519709,5274.0,171263.36,-91.07,3.0,171172.28999999998
3521804,1211.0,32492.97,0.0,0.0,32492.97
3523909,4667.0,144261.32,-290.37000000000006,8.0,143970.95
3524709,1141.0,34160.950000000004,0.0,0.0,34160.950000000004
3528403,1756.0,53666.81,-35.14,1.0,53631.67
3530607,33209.0,968844.99,0.0,0.0,968844.99
3530706,4653.0,141995.95,-1128.74,34.0,140867.21
3530805,2228.0,69064.92,-576.94,18.0,68487.98
3535804,709.0,19219.72,0.0,0.0,19219.72
3537800,2877.0,83986.28,-419.13000000000005,13.0,83567.15
3548005,934.0,28844.980000000007,-206.44,6.0,28638.54
3550605,2338.0,69790.86,-64.84,2.0,69726.01999999999
3552502,26734.0,785929.68,0.0,0.0,785929.68
3553807,1325.0,35350.329999999994,0.0,0.0,35350.33
3557303,316.0,9740.17,-36.36,1.0,9703.81
4100103,633.0,15733.65,0.0,0.0,15733.65
4100202,552.0,13553.11,-27.240000000000002,4.0,13525.869999999999
4100301,828.0,21144.32,-6.38,1.0,21137.94
4100400,6224.0,155779.18,-164.88,21.0,155614.3
4100459,264.0,6497.08,-6.9,2.0,6490.18
4100509,1095.0,27893.769999999997,0.0,0.0,27893.77
4100608,1235.0,32318.260000000002,-11.82,1.0,32306.44
4100707,893.0,22995.439999999995,0.0,0.0,22995.44
4100806,852.0,22257.11,-1.71,1.0,22255.4
4100905,529.0,13781.62,-0.01,1.0,13781.61
4101002,800.0,20740.66,-1.7,1.0,20738.96
4101051,219.0,5666.74,0.0,0.0,5666.74
4101101,1818.0,47535.689999999995,-13.9,1.0,47521.79
4101150,254.0,6485.98,-1.6,1.0,6484.38
4101200,1817.0,45751.56,-81.33000000000001,10.0,45670.23
4101309,668.0,16235.85,-19.91,3.0,16215.939999999999
4101408,8479.0,215376.17,-138.01000000000002,17.0,215238.16
4101507,5738.0,146945.4,-51.9,5.0,146893.5
4101606,1489.0,35857.369999999995,-0.86,1.0,35856.509999999995
4101655,343.0,8140.8099999999995,-8.94,1.0,8131.870000000001
4101705,1086.0,26705.09,-1.48,1.0,26703.61
4101804,6915.0,183082.66999999998,-14.569999999999999,3.0,183068.1
4101853,173.0,4131.390000000001,-2.78,1.0,4128.610000000001
4101903,1053.0,26471.19,-0.64,1.0,26470.55
4102000,2138.0,55825.659999999996,-26.13,2.0,55799.53
4102109,1545.0,39578.49,-13.370000000000001,2.0,39565.12
4102208,242.0,6312.07,0.0,0.0,6312.070000000001
4102307,694.0,17684.46,0.0,0.0,17684.46
4102406,2301.0,58499.19,-21.7,2.0,58477.490000000005
4102505,1252.0,30127.34,-15.530000000000001,2.0,30111.81
4102604,612.0,15796.57,0.0,0.0,15796.57
4102752,159.0,3915.55,0.0,0.0,3915.55
4102802,1208.0,30083.95,-4.63,1.0,30079.32
4102901,1125.0,28484.85,-14.92,3.0,28469.93
4103008,357.0,9064.010000000002,0.0,0.0,9064.01
4103024,66.0,1845.4,0.0,0.0,1845.4
4103040,490.0,12373.31,-12.98,1.0,12360.33
4103057,695.0,18307.22,-30.84,3.0,18276.38
4103107,1189.0,28642.85,-79.65,8.0,28563.199999999997
4103156,188.0,5039.25,0.0,0.0,5039.25
4103206,432.0,10872.41,-4.05,1.0,10868.36
4103222,112.0,3074.6299999999997,0.0,0.0,3074.63
4103305,675.0,16785.09,0.0,0.0,16785.09
4103354,393.0,9515.96,-9.209999999999999,2.0,9506.75
4103370,362.0,8983.649999999998,0.0,0.0,8983.65
4103404,188.0,4597.58,0.0,0.0,4597.58
4103453,871.0,23600.010000000002,-5.46,2.0,23594.550000000003
4103479,390.0,9880.099999999999,-7.02,1.0,9873.08
4103503,745.0,18610.93,-1.08,1.0,18609.85
4103602,1855.0,47882.68,-75.25000000000001,8.0,47807.42999999999
4103701,6480.0,171844.66,-60.88,6.0,171783.78
4103800,870.0,21468.329999999998,-5.97,1.0,21462.36
4103909,1342.0,32749.409999999996,-17.02,1.0,32732.39
4103958,268.0,6978.459999999999,0.0,0.0,6978.46
4104006,3463.0,89911.03,-88.22000000000001,11.0,89822.81
4104055,324.0,7784.27,-3.41,1.0,7780.860000000001
4104105,894.0,23049.72,-21.28,1.0,23028.440000000002
4104253,1137.0,28389.449999999997,-47.47,11.0,28341.98
4104303,6436.0,165741.41,-83.61000000000001,8.0,165657.8
4104402,1083.0,25843.870000000003,-114.6,11.0,25729.27
4104428,954.0,24706.94,-20.55,2.0,24686.39
4104451,1164.0,27502.460000000003,-2.13,1.0,27500.329999999998
4104501,594.0,16228.14,0.0,0.0,16228.14
4104600,1211.0,31493.41,-5.21,2.0,31488.2
4104709,1201.0,29869.53,0.0,0.0,29869.53
4104808,14482.0,377467.83999999997,-347.79999999999995,42.0,377120.04
4105003,552.0,13423.970000000001,-21.28,1.0,13402.689999999999
4105102,769.0,19091.870000000003,-11.27,1.0,19080.6
4105201,2083.0,48576.990000000005,-226.67000000000002,21.0,48350.31999999999
4105300,393.0,10052.98,0.0,0.0,10052.98
4105409,925.0,24348.89,0.0,0.0,24348.89
4105508,3924.0,103607.66,-78.65,8.0,103529.01
4105607,583.0,15609.17,0.0,0.0,15609.17
4105706,1168.0,29357.79,-9.15,1.0,29348.64
4105805,12293.0,317297.27,-226.68,23.0,317070.59
4105904,999.0,26690.97,-42.0,5.0,26648.97
4106001,828.0,19266.519999999997,-18.65,2.0,19247.870000000003
4106100,335.0,8050.540000000001,-16.45,1.0,8034.09
4106209,1317.0,33864.520000000004,-21.28,1.0,33843.24
4106308,970.0,24809.410000000003,-7.08,1.0,24802.329999999998
4106407,2672.0,67614.59,-40.53,5.0,67574.05999999998
4106456,407.0,9606.39,0.0,0.0,9606.39
4106506,548.0,13273.41,-5.37,1.0,13268.04
4106555,345.0,8231.6,-0.86,1.0,8230.74
4106571,225.0,5782.459999999999,0.0,0.0,5782.46
4106605,1584.0,40973.329999999994,-47.35,5.0,40925.98
4106704,277.0,7274.219999999999,-10.65,1.0,7263.570000000001
4106803,1122.0,27483.86,-21.28,2.0,27462.58
4106852,226.0,5328.52,-27.2,2.0,5301.320000000001
4106902,52658.0,1357893.14,-511.05,73.0,1357382.09
4107009,1243.0,29571.23,-48.34,6.0,29522.89
4107108,392.0,10474.669999999998,-5.75,1.0,10468.92
4107124,237.0,5472.5,-41.94,6.0,5430.56
4107157,274.0,7141.84,0.0,0.0,7141.84
4107207,1767.0,47061.97,-14.95,1.0,47047.020000000004
4107256,477.0,12871.07,-4.26,1.0,12866.81
4107306,424.0,11181.76,0.0,0.0,11181.76
4107405,222.0,5709.34,-24.0,2.0,5685.34
4107504,1117.0,28170.26,-10.52,3.0,28159.739999999998
4107520,105.0,2658.0399999999995,0.0,0.0,2658.04
4107538,109.0,3117.12,0.0,0.0,3117.12
4107546,314.0,7792.17,0.0,0.0,7792.17
4107553,270.0,6319.780000000001,0.0,0.0,6319.78
4107603,1968.0,47654.8,-38.04,3.0,47616.76
4107652,10255.0,273080.18000000005,-17.02,1.0,273063.16000000003
4107702,539.0,13756.54,0.0,0.0,13756.54
4107736,597.0,14439.619999999999,-61.48,7.0,14378.140000000001
4107751,1025.0,24412.910000000003,-59.269999999999996,5.0,24353.64
4107801,283.0,7172.08,0.0,0.0,7172.080000000001
4107850,213.0,5644.83,0.0,0.0,5644.83
4107900,879.0,23878.53,-17.46,2.0,23861.07
4108007,1414.0,36518.590000000004,0.0,0.0,36518.59
4108106,237.0,6499.589999999999,0.0,0.0,6499.59
4108205,337.0,8446.61,-9.94,2.0,8436.67
4108304,17873.0,484830.27,-390.15,38.0,484440.12
4108320,547.0,14584.83,0.0,0.0,14584.83
4108403,3181.0,82224.51,0.0,0.0,82224.51
4108452,544.0,13095.02,0.0,0.0,13095.02
4108502,1164.0,27438.789999999997,-39.739999999999995,4.0,27399.05
4108551,330.0,8069.27,-22.13,3.0,8047.139999999999
4108601,2815.0,71704.2,-73.94999999999999,7.0,71630.25
4108650,566.0,13606.25,-32.88,4.0,13573.37
4108700,524.0,12739.55,-5.33,1.0,12734.22
4108809,2191.0,58015.4,-27.72,6.0,57987.68
4108908,502.0,13711.939999999999,0.0,0.0,13711.94
4108957,415.0,9566.55,-19.5,2.0,9547.05
4109005,412.0,10266.05,-2.08,1.0,10263.97
4109104,145.0,3793.9500000000003,0.0,0.0,3793.95
4109203,349.0,8782.3,0.0,0.0,8782.3
4109302,753.0,17495.55,-45.31999999999999,4.0,17450.23
4109401,12428.0,314305.63999999996,-78.93,8.0,314226.71
4109500,941.0,23539.44,-121.16999999999999,10.0,23418.27
4109609,2743.0,71227.05,-79.06,8.0,71147.99
4109658,243.0,6125.11,0.0,0.0,6125.11
4109708,2134.0,50644.92,-52.15,5.0,50592.77
4109757,640.0,15117.68,-3.0,2.0,15114.68
4109807,4228.0,112101.98999999999,-79.60000000000001,8.0,112022.39
4109906,735.0,19509.07,0.0,0.0,19509.07
4110003,365.0,9359.68,-8.78,1.0,9350.9
4110052,164.0,4140.8,0.0,0.0,4140.8
4110078,1057.0,24915.46,-15.02,4.0,24900.44
4110102,2076.0,51287.35,-69.39,9.0,51217.96
4110201,985.0,22307.45,-84.78,7.0,22222.670000000002
4110300,350.0,8904.189999999999,-2.13,1.0,8902.060000000001
4110409,275.0,7167.52,0.0,0.0,7167.52
4110508,851.0,20847.359999999997,-0.64,1.0,20846.72
4110607,1064.0,28219.739999999998,-3.45,1.0,28216.29
4110656,169.0,4143.71,0.0,0.0,4143.71
4110706,3958.0,97271.87000000001,-11.39,3.0,97260.48
4110805,897.0,21201.059999999998,-10.32,1.0,21190.74
4110904,326.0,8635.27,0.0,0.0,8635.27
4110953,776.0,19087.57,-34.95,3.0,19052.62
4111001,626.0,15595.5,0.0,0.0,15595.5
4111100,222.0,5513.36,-10.59,1.0,5502.7699999999995
4111209,580.0,15403.26,0.0,0.0,15403.26
4111258,2687.0,64243.67999999999,-57.91,7.0,64185.76999999999
4111308,320.0,8316.89,-16.76,1.0,8300.13
4111407,1039.0,25110.460000000003,-52.11,7.0,25058.350000000002
4111506,2156.0,52837.03,-69.82,8.0,52767.20999999999
4111555,493.0,13056.689999999999,0.0,0.0,13056.69
4111605,196.0,4999.59,-6.38,1.0,4993.21
4111704,444.0,10919.77,0.0,0.0,10919.77
4111902,1065.0,27658.36,-13.15,2.0,27645.21
4112009,2719.0,66096.66,-30.08,3.0,66066.58
4112108,1386.0,35082.14,0.0,0.0,35082.14
4112207,516.0,11936.69,-5.1,2.0,11931.59
4112306,333.0,8097.03,0.0,0.0,8097.03
4112405,727.0,19471.909999999996,0.0,0.0,19471.91
4112504,1008.0,24374.39,-50.120000000000005,6.0,24324.27
4112603,102.0,2659.52,0.0,0.0,2659.52
4112702,1089.0,28566.16,-21.900000000000002,2.0,28544.26
4112751,732.0,18777.879999999997,-0.85,1.0,18777.030000000002
4112801,625.0,15653.57,0.0,0.0,15653.57
4112900,289.0,6930.11,-4.85,2.0,6925.259999999999
4112959,639.0,15805.92,-7.24,1.0,15798.68
4113007,457.0,11672.02,-0.09,1.0,11671.93
4113106,438.0,11370.009999999998,0.0,0.0,11370.01
4113205,2630.0,66435.78,0.0,0.0,66435.78
4113254,606.0,15110.51,-25.02,3.0,15085.490000000002
4113304,1876.0,44830.74999999999,0.0,0.0,44830.75
4113403,347.0,8808.33,0.0,0.0,8808.33
4113429,339.0,8721.249999999998,0.0,0.0,8721.25
4113452,289.0,7337.51,0.0,0.0,7337.51
4113502,1306.0,35199.25,-24.380000000000003,3.0,35174.87
4113601,372.0,9948.619999999999,0.0,0.0,9948.62
4113700,26130.0,685796.02,-344.7200000000001,34.0,685451.2999999999
4113734,768.0,18280.36,0.0,0.0,18280.36
4113759,434.0,10199.78,0.0,0.0,10199.78
4113809,476.0,12285.16,0.0,0.0,12285.16
4113908,674.0,16002.380000000001,-9.239999999999998,2.0,15993.14
4114005,1224.0,29132.58,-6.38,1.0,29126.2
4114104,1751.0,46449.31,-6.6,1.0,46442.71
4114203,1744.0,43315.049999999996,-69.17000000000002,6.0,43245.88
4114302,1878.0,46008.58,-17.67,2.0,45990.909999999996
4114351,78.0,1885.9999999999998,0.0,0.0,1886.0
4114401,958.0,23677.059999999998,-6.6,1.0,23670.460000000003
4114500,978.0,25050.1,0.0,0.0,25050.1
4114609,1643.0,45316.94,-21.28,1.0,45295.66
4114708,540.0,14144.59,0.0,0.0,14144.59
4114807,2517.0,67357.64,-36.45,5.0,67321.18999999999
4114906,771.0,19434.9,-4.69,1.0,19430.210000000003
4115002,537.0,13817.31,-16.39,2.0,13800.92
4115101,1287.0,32117.36,-25.75,5.0,32091.61
4115200,14354.0,392325.99,-40.54,6.0,392285.45
4115309,370.0,8978.119999999999,0.0,0.0,8978.12
4115358,197.0,5513.28,0.0,0.0,5513.28
4115408,871.0,23203.14,0.0,0.0,23203.14
4115457,393.0,9448.04,0.0,0.0,9448.04
4115507,419.0,10431.47,0.0,0.0,10431.47
4115606,658.0,16858.18,-10.03,1.0,16848.15
4115705,2748.0,70756.15,-46.83,3.0,70709.31999999999
4115739,282.0,6217.4,-36.45,3.0,6180.95
4115754,1132.0,27942.910000000003,-26.189999999999998,3.0,27916.72
4115804,1547.0,41895.71,-23.299999999999997,2.0,41872.409999999996
4115853,150.0,4138.24,0.0,0.0,4138.24
4115903,174.0,4336.21,-9.04,2.0,4327.17
4116000,116.0,2847.44,0.0,0.0,2847.44
4116059,463.0,12515.92,-18.47,2.0,12497.449999999999
4116109,1474.0,35932.47,-55.07,5.0,35877.4
4116208,1276.0,32230.769999999997,-89.71000000000001,9.0,32141.06
4116307,330.0,8697.41,0.0,0.0,8697.41
4116406,182.0,4544.41,0.0,0.0,4544.41
4116505,71.0,1884.4699999999998,0.0,0.0,1884.47
4116604,350.0,9091.009999999998,-15.02,2.0,9075.99
4116703,571.0,14543.55,-29.09,2.0,14514.46
4116802,542.0,12913.66,0.0,0.0,12913.66
4116901,2065.0,54550.189999999995,-60.77,7.0,54489.420000000006
4116950,180.0,4868.52,0.0,0.0,4868.52
4117008,829.0,20140.04,0.0,0.0,20140.04
4117057,661.0,18174.37,-3.62,1.0,18170.75
4117107,916.0,24441.129999999997,-10.0,2.0,24431.13
4117206,453.0,11797.45,0.0,0.0,11797.45
4117214,532.0,12934.3,0.0,0.0,12934.3
4117222,286.0,7972.75,0.0,0.0,7972.75
4117255,585.0,15373.37,-0.15,1.0,15373.22
4117271,620.0,14679.039999999999,-37.67,3.0,14641.37
4117297,269.0,6834.0,0.0,0.0,6834.0
4117305,2386.0,57342.229999999996,-112.51000000000002,15.0,57229.72
4117404,189.0,4865.639999999999,0.0,0.0,4865.64
4117453,332.0,8732.81,0.0,0.0,8732.81
4117503,3084.0,83247.54999999999,-30.61,2.0,83216.94
4117602,3189.0,81551.95999999999,-22.15,2.0,81529.81000000001
4117701,1297.0,32723.489999999998,-18.78,5.0,32704.71
4117800,1493.0,35764.35,-0.43,1.0,35763.92
4117909,1234.0,33527.3,0.0,0.0,33527.3
4118006,540.0,14441.11,-1.91,1.0,14439.2
4118105,648.0,16836.5,-20.05,2.0,16816.45
4118204,6546.0,171121.03999999998,-67.39,10.0,171053.65000000002
4118303,249.0,6324.99,0.0,0.0,6324.99
4118402,6020.0,163329.75,-75.89,8.0,163253.86000000002
4118451,195.0,5499.909999999999,0.0,0.0,5499.91
4118501,3218.0,85331.26,-10.23,1.0,85321.03
4118600,298.0,7324.099999999999,0.0,0.0,7324.1
4118709,219.0,5407.15,0.0,0.0,5407.15
4118808,1277.0,32330.84,0.0,0.0,32330.84
4118857,441.0,11618.589999999998,0.0,0.0,11618.59
4118907,880.0,23392.73,-1.74,1.0,23390.99
4119004,231.0,5740.969999999999,0.0,0.0,5740.97
4119103,474.0,12471.66,0.0,0.0,12471.66
4119152,7143.0,189610.87999999998,-77.16,6.0,189533.72
4119202,597.0,14620.5,0.0,0.0,14620.5
4119251,184.0,4527.9800000000005,0.0,0.0,4527.98
4119301,3372.0,79696.46,-63.06,7.0,79633.4
4119400,1872.0,44665.259999999995,-110.57000000000002,15.0,44554.69
4119509,6120.0,156164.57,-65.87,6.0,156098.69999999998
4119608,2833.0,69974.9,-3.83,1.0,69971.06999999999
4119657,233.0,6096.8,0.0,0.0,6096.8
4119707,367.0,9793.73,0.0,0.0,9793.73
4119806,592.0,15904.18,0.0,0.0,15904.18
4119905,19624.0,496152.54,-302.45,38.0,495850.08999999997
4119954,2172.0,55784.53,-9.3,2.0,55775.23
4120002,782.0,20843.719999999998,0.0,0.0,20843.72
4120101,239.0,5947.0599999999995,0.0,0.0,5947.06
4120150,101.0,2516.1200000000003,0.0,0.0,2516.12
4120200,154.0,4329.530000000001,0.0,0.0,4329.53
4120309,247.0,6216.7699999999995,0.0,0.0,6216.77
4120333,401.0,10141.29,-17.03,1.0,10124.26
4120358,245.0,6520.539999999999,0.0,0.0,6520.54
4120408,308.0,8144.98,0.0,0.0,8144.98
4120507,726.0,18885.45,-0.9,1.0,18884.55
4120606,3594.0,86936.32,-51.78999999999999,7.0,86884.53000000001
4120655,238.0,5944.28,0.0,0.0,5944.28
4120705,598.0,14997.310000000001,0.0,0.0,14997.31
4120804,1235.0,31807.25,-63.07,8.0,31744.18
4120853,79.0,2182.0,0.0,0.0,2182.0
4120903,2164.0,55565.31,-18.95,2.0,55546.36
4121000,881.0,23172.799999999996,-10.86,1.0,23161.940000000002
4121109,312.0,7902.62,0.0,0.0,7902.62
4121208,1171.0,29187.09,-34.28,3.0,29152.81
4121257,170.0,4218.120000000001,-1.28,1.0,4216.84
4121307,370.0,9422.68,-11.71,1.0,9410.970000000001
4121356,205.0,5393.5599999999995,-2.6,1.0,5390.96
4121406,802.0,21365.45,0.0,0.0,21365.45
4121505,1238.0,29117.41,-8.239999999999998,3.0,29109.17
4121604,222.0,5825.6,0.0,0.0,5825.6
4121703,2603.0,60056.07000000001,-161.99999999999997,16.0,59894.07000000001
4121752,500.0,11706.42,-0.8,2.0,11705.62
4121901,1500.0,35719.72,-34.27,4.0,35685.45
4122008,525.0,12650.760000000002,0.0,0.0,12650.76
4122107,247.0,6154.049999999999,0.0,0.0,6154.05
4122156,708.0,17989.11,0.0,0.0,17989.11
4122172,411.0,9715.130000000001,-57.03,7.0,9658.099999999999
4122206,2813.0,67124.67000000001,-233.45000000000002,24.0,66891.21999999999
4122305,1749.0,35341.09,-8303.18,343.0,27037.91
4122404,3774.0,97650.04000000001,-88.92999999999999,8.0,97561.11
4122503,981.0,22762.78,-11.06,1.0,22751.719999999998
4122602,486.0,12946.55,0.0,0.0,12946.55
4122651,423.0,10205.16,-8.94,1.0,10196.22
4122701,430.0,10953.710000000001,0.0,0.0,10953.71
4122800,159.0,3850.0900000000006,0.0,0.0,3850.09
4122909,566.0,13161.25,-32.480000000000004,4.0,13128.77
4123006,807.0,21602.82,-29.8,2.0,21573.02
4123105,264.0,6742.62,0.0,0.0,6742.62
4123204,412.0,9957.55,-7.66,1.0,9949.89
4123303,737.0,19953.84,0.0,0.0,19953.84
4123402,673.0,18202.42,-16.6,1.0,18185.82
4123501,1203.0,30886.199999999997,-3.13,2.0,30883.07
4123600,136.0,3537.0,-20.07,1.0,3516.93
4123709,611.0,15804.92,0.0,0.0,15804.92
4123808,574.0,14801.529999999999,0.0,0.0,14801.53
4123824,230.0,5636.200000000001,-4.43,2.0,5631.77
4123857,850.0,20762.05,-14.47,1.0,20747.579999999998
4123907,1245.0,31851.66,-6.6,1.0,31845.06
4123956,334.0,8932.5,-17.02,1.0,8915.48
4124004,482.0,11421.36,0.0,0.0,11421.36
4124020,933.0,24396.659999999996,0.0,0.0,24396.66
4124053,1834.0,50090.81,-6.53,2.0,50084.28
4124103,3427.0,86922.93,-122.41,9.0,86800.52
4124202,201.0,5125.26,0.0,0.0,5125.26
4124301,201.0,4811.43,0.0,0.0,4811.43
4124400,1507.0,38059.07,0.0,0.0,38059.07
4124509,234.0,6137.259999999999,0.0,0.0,6137.26
4124608,522.0,14158.649999999998,-3.57,1.0,14155.08
4124707,1018.0,24923.699999999997,-46.849999999999994,5.0,24876.850000000002
4124806,441.0,10940.88,0.0,0.0,10940.88
4124905,692.0,17594.28,-21.71,2.0,17572.57
4125001,981.0,24387.64,0.0,0.0,24387.64
4125100,725.0,17689.370000000003,0.0,0.0,17689.37
4125209,396.0,9914.92,0.0,0.0,9914.92
4125308,365.0,9568.439999999999,-10.65,1.0,9557.79
4125357,354.0,9212.57,0.0,0.0,9212.57
4125407,584.0,12970.199999999999,0.0,0.0,12970.199999999999
4125456,263.0,6532.62,-19.29,3.0,6513.33
4125506,13911.0,368203.23999999993,-179.33,19.0,368023.91
4125555,97.0,2587.1299999999997,0.0,0.0,2587.13
4125605,2449.0,60035.86000000001,-186.16000000000003,19.0,59849.7
4125704,1614.0,43841.44,-22.990000000000002,3.0,43818.450000000004
4125753,438.0,10657.38,0.0,0.0,10657.380000000001
4125803,761.0,19446.85,0.0,0.0,19446.85
4125902,85.0,2214.1900000000005,0.0,0.0,2214.19
4126009,1044.0,26409.55,0.0,0.0,26409.55
4126108,353.0,9155.74,0.0,0.0,9155.74
4126207,603.0,14050.41,-27.67,3.0,14022.74
4126256,6279.0,167662.25,-110.79,10.0,167551.46
4126272,373.0,9344.77,0.0,0.0,9344.77
4126306,1191.0,28183.56,-40.599999999999994,4.0,28142.960000000003
4126355,193.0,5268.9,0.0,0.0,5268.9
4126405,455.0,11605.39,-30.86,2.0,11574.529999999999
4126504,935.0,25226.07,-3.94,2.0,25222.13
4126603,1458.0,34905.19,-30.59,5.0,34874.6
4126652,142.0,3477.5200000000004,0.0,0.0,3477.52
4126678,975.0,25132.82,-36.55,3.0,25096.27
4126702,393.0,10353.77,0.0,0.0,10353.77
4126801,1094.0,28093.39,-23.56,2.0,28069.829999999998
4126900,501.0,13053.27,-6.81,1.0,13046.460000000001
4127007,669.0,16296.27,-23.65,3.0,16272.62
4127106,2824.0,68143.58,-60.019999999999996,5.0,68083.56
4127205,828.0,20887.35,0.0,0.0,20887.35
4127304,1205.0,32502.579999999998,-19.59,2.0,32482.989999999998
4127403,900.0,23168.69,-11.49,1.0,23157.2
4127502,1788.0,41566.63,-169.99,18.0,41396.64
4127601,1366.0,33525.57,-124.85000000000001,12.0,33400.72
4127700,5210.0,141311.98,-57.21,4.0,141254.77
4127809,447.0,10898.29,-13.030000000000001,2.0,10885.26
4127858,832.0,20785.55,-1.3699999999999999,2.0,20784.18
4127882,736.0,17352.57,-12.25,3.0,17340.32
4127908,620.0,15599.449999999999,-1.28,1.0,15598.17
4127957,386.0,9943.810000000001,-14.05,1.0,9929.76
4127965,908.0,22537.220000000005,-2.78,1.0,22534.44
4128005,2182.0,57086.07,-13.72,2.0,57072.35
4128104,6792.0,182884.53,-44.52,6.0,182840.00999999998
4128203,2894.0,72601.53,0.0,0.0,72601.53
4128302,176.0,4557.549999999999,0.0,0.0,4557.55
4128401,1115.0,27964.07,-45.870000000000005,3.0,27918.2
4128500,1793.0,41869.369999999995,-47.54,5.0,41821.829999999994
4128534,866.0,19303.620000000003,-65.60000000000001,6.0,19238.02
4128559,547.0,13551.900000000001,-25.099999999999998,4.0,13526.8
4128609,220.0,5767.92,0.0,0.0,5767.92
4128625,239.0,6092.330000000001,-0.43,1.0,6091.9
4128633,828.0,18566.160000000003,-204.0,19.0,18362.16
4128658,265.0,6485.530000000001,0.0,0.0,6485.530000000001
4128708,523.0,13282.390000000001,0.0,0.0,13282.39
4128807,507.0,12952.01,-7.67,2.0,12944.34
4201406,2475.0,65147.68,-1056.1299999999997,39.0,64091.55
4207007,1002.0,26833.579999999998,-142.65,6.0,26690.93
4213609,873.0,21711.769999999997,-143.26999999999998,5.0,21568.5
4220000,467.0,12488.439999999999,0.0,0.0,12488.44
4300109,546.0,16853.030000000002,0.0,0.0,16853.03
4300604,11857.0,340682.89999999997,-1831.2000000000003,60.0,338851.6999999999
4300638,200.0,5015.47,-11.0,1.0,5004.47
4300851,403.0,10215.55,0.0,0.0,10215.55
4301057,768.0,20531.87,-68.01,4.0,20463.86
4301073,44.0,1125.2,0.0,0.0,1125.2
4301107,1529.0,40847.2,-228.4,7.0,40618.8
4301206,341.0,10164.480000000001,0.0,0.0,10164.48
4301305,2219.0,59775.270000000004,0.0,0.0,59775.270000000004
4301602,12229.0,335987.91000000003,-517.8299999999999,17.0,335470.07999999996
4301636,1792.0,44988.990000000005,-57.519999999999996,3.0,44931.469999999994
4301909,761.0,21865.429999999997,-58.16,2.0,21807.27
4302709,2277.0,63798.549999999996,-99.16,3.0,63699.39
4303004,5583.0,168336.59000000003,-842.7699999999999,26.0,167493.81999999998
4303509,5245.0,149870.9,-103.96,5.0,149766.93999999997
4304200,1091.0,32860.43,-271.29,8.0,32589.14
4304507,3565.0,92550.56999999999,-89.16,4.0,92461.41
4304630,3174.0,92883.83999999998,-165.76999999999998,5.0,92718.06999999999
4304663,2803.0,77338.29,-112.54,5.0,77225.75
4304671,280.0,7615.25,0.0,0.0,7615.25
4304713,326.0,8337.369999999999,-10.83,1.0,8326.539999999999
4305124,567.0,13779.050000000001,-31.05,1.0,13748.0
4305132,70.0,2223.9200000000005,0.0,0.0,2223.92
4305355,2311.0,65776.9,-63.15,2.0,65713.75
4305439,405.0,10787.75,0.0,0.0,10787.75
4305447,165.0,4139.089999999999,-32.75,1.0,4106.34
4305454,1550.0,38119.32000000001,-15.16,2.0,38104.159999999996
4305702,151.0,3511.78,0.0,0.0,3511.7799999999997
4306056,776.0,20457.71,-100.1,3.0,20357.61
4306502,535.0,13626.590000000002,-41.5,2.0,13585.09
4306551,76.0,1886.2999999999997,0.0,0.0,1886.3
4306601,3517.0,100122.99,-10.71,1.0,100112.28
4306767,3823.0,101801.90000000001,-459.79999999999995,17.0,101342.1
4306908,1674.0,44989.12,-43.85,2.0,44945.270000000004
4307104,787.0,18489.140000000003,-11.07,1.0,18478.07
4307815,38.0,1281.4699999999998,0.0,0.0,1281.47
4309308,7050.0,203395.23999999996,-422.59,15.0,202972.65000000002
4310330,2054.0,58319.99,-66.33,2.0,58253.659999999996
4310652,130.0,3165.33,-30.7,1.0,3134.63
4311007,3269.0,89612.76999999999,-197.56,6.0,89415.20999999999
4311239,58.0,1674.57,0.0,0.0,1674.57
4311254,154.0,4446.55,0.0,0.0,4446.55
4311502,774.0,19220.649999999998,0.0,0.0,19220.65
4311734,83.0,2171.7,0.0,0.0,2171.7
4311775,540.0,14553.71,0.0,0.0,14553.71
4312252,1005.0,29354.93,0.0,0.0,29354.93
4312443,89.0,2459.92,0.0,0.0,2459.92
4312450,426.0,10712.92,0.0,0.0,10712.92
4312500,1048.0,27342.31,-12.06,1.0,27330.25
4313391,49.0,1591.85,0.0,0.0,1591.85
4313508,2779.0,79179.33,-32.7,1.0,79146.62999999999
4313656,1555.0,36588.49,-142.73,5.0,36445.759999999995
4313904,516.0,11883.960000000001,0.0,0.0,11883.960000000001
4313953,1074.0,30221.940000000002,0.0,0.0,30221.94
4314027,138.0,4358.58,0.0,0.0,4358.58
4314068,85.0,2304.69,0.0,0.0,2304.69
4314175,175.0,3914.8399999999997,0.0,0.0,3914.84
4314209,1003.0,26295.399999999998,0.0,0.0,26295.399999999998
4314407,25435.0,714321.3,-1890.79,69.0,712430.5099999999
4314472,216.0,5956.97,-11.73,1.0,5945.240000000001
4314506,1268.0,32305.829999999998,-202.44,6.0,32103.39
4314605,2064.0,52354.81,-78.72,3.0,52276.090000000004
4314902,58287.0,1617337.06,-6003.69,226.0,1611333.37
4315602,13497.0,370480.32,-610.66,21.0,369869.66
4316972,93.0,2927.64,0.0,0.0,2927.64
4317301,2442.0,64336.73000000001,-26.57,1.0,64310.16
4317608,2886.0,81267.96000000002,0.0,0.0,81267.96
4318408,1950.0,51602.630000000005,-535.62,16.0,51067.01
4318507,2980.0,76105.16,-293.65999999999997,11.0,75811.5
4318804,2287.0,63274.45,-274.16999999999996,9.0,63000.280000000006
4319604,1709.0,51498.05,-35.8,1.0,51462.24999999999
4320263,221.0,6218.410000000001,-286.40000000000003,8.0,5932.009999999999
4320354,375.0,10070.390000000001,-31.61,1.0,10038.78
4320701,680.0,20330.010000000002,-278.31,9.0,20051.699999999997
4321105,1461.0,39867.87,-11.1,1.0,39856.770000000004
4321352,322.0,7968.290000000001,0.0,0.0,7968.29
4321436,858.0,23766.510000000002,0.0,0.0,23766.510000000002
4321501,2328.0,66796.23,-154.86,6.0,66641.37
4321600,3811.0,107849.01,-51.489999999999995,4.0,107797.51999999999
4321667,359.0,10041.42,-131.25,4.0,9910.17
4321832,150.0,3935.7000000000003,0.0,0.0,3935.7000000000003
4322327,227.0,6029.49,0.0,0.0,6029.49
4323002,14594.0,417147.63000000006,-1766.74,61.0,415380.89
4323457,145.0,4305.73,0.0,0.0,4305.73
4323804,679.0,20090.56,-33.87,1.0,20056.69
1100015,1086.0,36040.840000000004,0.0,0.0,36040.84
1100023,6917.0,243466.06,0.0,0.0,243466.06
1100031,280.0,9347.690000000002,0.0,0.0,9347.69
1100049,6025.0,207922.63999999998,0.0,0.0,207922.64
1100056,1128.0,38620.63,0.0,0.0,38620.63
1100064,763.0,24085.75,0.0,0.0,24085.75
1100072,313.0,10015.63,0.0,0.0,10015.630000000001
1100080,1278.0,42077.62,0.0,0.0,42077.62
1100098,1794.0,60979.63,0.0,0.0,60979.63
1100106,4068.0,136245.47999999998,0.0,0.0,136245.48
1100114,3646.0,124288.6,0.0,0.0,124288.6
1100122,8905.0,308676.24,0.0,0.0,308676.24
1100130,1897.0,62758.509999999995,0.0,0.0,62758.51
1100148,854.0,27893.88,0.0,0.0,27893.88
1100155,2543.0,85993.12,0.0,0.0,85993.12
1100189,1848.0,63145.270000000004,0.0,0.0,63145.27
1100205,34587.0,1193359.23,0.0,0.0,1193359.23
1100254,1653.0,55089.07,0.0,0.0,55089.07
1100262,150.0,5163.72,0.0,0.0,5163.72
1100288,3432.0,117692.13,0.0,0.0,117692.13
1100296,372.0,11953.51,0.0,0.0,11953.51
1100304,5415.0,179023.97999999998,0.0,0.0,179023.98
1100320,1069.0,35927.759999999995,0.0,0.0,35927.76
1100338,1508.0,49524.68,0.0,0.0,49524.68
1100346,1039.0,33598.97,0.0,0.0,33598.97
1100379,477.0,15435.630000000001,0.0,0.0,15435.63
1100403,886.0,29591.300000000003,0.0,0.0,29591.3
1100452,1660.0,56892.52,0.0,0.0,56892.52
1100502,427.0,14015.310000000001,0.0,0.0,14015.31
1100601,242.0,7886.370000000001,0.0,0.0,7886.37
1100700,394.0,12318.52,0.0,0.0,12318.52
1100809,1837.0,61711.05,0.0,0.0,61711.05
1100908,149.0,4811.25,0.0,0.0,4811.25
1100924,495.0,15761.68,0.0,0.0,15761.68
1100940,1115.0,37759.82,0.0,0.0,37759.82
1101005,351.0,11408.8,0.0,0.0,11408.8
1101104,726.0,24767.980000000003,0.0,0.0,24767.98
1101203,375.0,12564.66,0.0,0.0,12564.66
1101302,760.0,24419.45,0.0,0.0,24419.45
1101401,745.0,24998.660000000003,0.0,0.0,24998.66
1101435,365.0,11873.130000000001,0.0,0.0,11873.13
1101450,263.0,7901.96,0.0,0.0,7901.96
1101468,172.0,6046.43,0.0,0.0,6046.43
1101476,205.0,6555.639999999999,0.0,0.0,6555.64
1101484,171.0,5347.85,0.0,0.0,5347.85
1101492,1023.0,34182.6,0.0,0.0,34182.6
1101500,723.0,22842.559999999998,0.0,0.0,22842.56
1101559,193.0,6171.040000000001,0.0,0.0,6171.04
1101609,280.0,8967.130000000001,0.0,0.0,8967.13
1101708,675.0,22241.5,0.0,0.0,22241.5
1101757,582.0,18788.5,0.0,0.0,18788.5
1101807,368.0,11826.28,0.0,0.0,11826.28
1200013,1298.0,48078.36,0.0,0.0,48078.36
1200054,942.0,31829.46,0.0,0.0,31829.46
1200104,2668.0,96660.24,0.0,0.0,96660.24
1200138,1109.0,38874.81,0.0,0.0,38874.81
1200179,1137.0,40451.270000000004,0.0,0.0,40451.27
1200203,10818.0,395844.38,0.0,0.0,395844.38
1200252,1917.0,69590.69,0.0,0.0,69590.69
1200302,3831.0,131650.57,0.0,0.0,131650.57
1200328,617.0,18608.93,0.0,0.0,18608.93
1200336,3071.0,107338.07,0.0,0.0,107338.07
1200344,1594.0,52654.880000000005,0.0,0.0,52654.88
1200351,1841.0,57021.32000000001,0.0,0.0,57021.32
1200385,1619.0,60168.56,0.0,0.0,60168.56
1200393,1298.0,41685.2,0.0,0.0,41685.2
1200401,31814.0,1226743.71,0.0,0.0,1226743.71
1200427,2020.0,68792.38,0.0,0.0,68792.38
1200435,333.0,10457.169999999998,0.0,0.0,10457.17
1200450,2015.0,75924.65,0.0,0.0,75924.65
1200500,6514.0,227409.09000000003,0.0,0.0,227409.09
1200609,5018.0,169982.52000000002,0.0,0.0,169982.52
1200708,1986.0,69112.73000000001,0.0,0.0,69112.73
1200807,1956.0,69245.47,0.0,0.0,69245.47
1300680,1887.0,70725.25,0.0,0.0,70725.25
1303502,1755.0,68970.21,0.0,0.0,68970.20999999999
1600055,495.0,8454.66,0.0,0.0,8454.66
1600105,1024.0,18132.14,0.0,0.0,18132.14
1600154,1274.0,21689.870000000003,0.0,0.0,21689.87
1600204,1331.0,21712.839999999997,0.0,0.0,21712.84
1600212,488.0,7745.88,0.0,0.0,7745.88
1600238,656.0,11430.65,0.0,0.0,11430.65
1600253,564.0,10438.359999999999,0.0,0.0,10438.36
1600279,4370.0,69806.69,0.0,0.0,69806.69
1600303,35682.0,1113676.8,0.0,0.0,1113676.8
1600402,1880.0,35356.25,0.0,0.0,35356.25
1600501,1633.0,27760.699999999997,0.0,0.0,27760.7
1600535,1899.0,29338.9,0.0,0.0,29338.9
1600550,418.0,7156.72,0.0,0.0,7156.72
1600600,10818.0,314401.25,0.0,0.0,314401.25
1600709,1146.0,17728.58,0.0,0.0,17728.58
1600808,1380.0,22321.489999999998,0.0,0.0,22321.49
1700251,183.0,6299.860000000001,0.0,0.0,6299.86
1700301,532.0,19802.07,0.0,0.0,19802.07
1700350,695.0,25723.93,0.0,0.0,25723.93
1700400,975.0,34960.21,0.0,0.0,34960.21
1700707,881.0,33965.17,0.0,0.0,33965.17
1701002,1550.0,57872.619999999995,0.0,0.0,57872.62
1701051,328.0,11007.390000000001,0.0,0.0,11007.39
1701101,572.0,20998.58,0.0,0.0,20998.579999999998
1701309,628.0,23159.32,0.0,0.0,23159.32
1701903,788.0,28311.47,0.0,0.0,28311.47
1702000,698.0,26158.07,0.0,0.0,26158.07
1702109,14730.0,579989.24,0.0,0.0,579989.24
1702158,579.0,20978.89,0.0,0.0,20978.89
1702208,3856.0,144285.95,0.0,0.0,144285.95
1702307,647.0,23964.15,0.0,0.0,23964.15
1702406,1206.0,41790.240000000005,0.0,0.0,41790.24
1702554,2118.0,81567.87,0.0,0.0,81567.87
1702703,408.0,13809.300000000001,0.0,0.0,13809.3
1702901,2087.0,77655.73999999999,0.0,0.0,77655.74
1703008,889.0,33106.47,0.0,0.0,33106.47
1703057,236.0,8629.25,0.0,0.0,8629.25
1703073,536.0,19843.020000000004,0.0,0.0,19843.02
1703107,695.0,24296.120000000003,0.0,0.0,24296.12
1703206,402.0,14800.64,0.0,0.0,14800.64
1703305,579.0,22426.96,0.0,0.0,22426.96
1703602,257.0,9417.32,0.0,0.0,9417.32
1703701,719.0,26633.74,0.0,0.0,26633.739999999998
1703800,1138.0,42114.28,0.0,0.0,42114.28
1703826,286.0,10337.96,0.0,0.0,10337.96
1703842,734.0,26676.32,0.0,0.0,26676.32
1703867,300.0,11471.869999999999,0.0,0.0,11471.87
1703883,292.0,10484.720000000001,0.0,0.0,10484.72
1703891,489.0,18285.65,0.0,0.0,18285.65
1703909,539.0,20177.1,0.0,0.0,20177.1
1704105,229.0,7040.349999999999,0.0,0.0,7040.35
1704600,159.0,5452.629999999999,0.0,0.0,5452.63
1705102,333.0,12170.060000000001,0.0,0.0,12170.06
1705508,4013.0,155239.77000000002,0.0,0.0,155239.77
1705557,699.0,25386.489999999998,0.0,0.0,25386.489999999998
1705607,431.0,15197.09,0.0,0.0,15197.09
1706001,546.0,19840.32,0.0,0.0,19840.32
1706100,783.0,29415.2,0.0,0.0,29415.2
1706258,146.0,5559.7,0.0,0.0,5559.7
1706506,814.0,29467.39,0.0,0.0,29467.39
1707009,1761.0,63889.93,0.0,0.0,63889.93
1707108,697.0,25970.43,0.0,0.0,25970.43
1707207,751.0,27382.82,0.0,0.0,27382.82
1707306,438.0,16314.46,0.0,0.0,16314.46
1707405,1203.0,42994.630000000005,0.0,0.0,42994.63
1707553,366.0,13294.59,0.0,0.0,13294.59
1707652,504.0,18980.61,0.0,0.0,18980.61
1707702,882.0,33034.89,0.0,0.0,33034.89
1708205,1851.0,71527.85,0.0,0.0,71527.85
1708254,357.0,13039.43,0.0,0.0,13039.43
1708304,588.0,21632.83,0.0,0.0,21632.829999999998
1709005,1294.0,45435.45,0.0,0.0,45435.45
1709302,2446.0,93767.8,0.0,0.0,93767.8
1709500,5885.0,231791.81,0.0,0.0,231791.81
1709807,170.0,6131.85,0.0,0.0,6131.85
1710508,799.0,29516.579999999998,0.0,0.0,29516.579999999998
1710706,722.0,26211.050000000003,0.0,0.0,26211.05
1710904,432.0,15567.93,0.0,0.0,15567.93
1711100,218.0,7251.58,0.0,0.0,7251.58
1711506,269.0,9633.59,0.0,0.0,9633.59
1711803,246.0,8912.140000000001,0.0,0.0,8912.14
1711902,967.0,37712.229999999996,0.0,0.0,37712.229999999996
1711951,354.0,12599.34,0.0,0.0,12599.34
1712009,269.0,9702.08,0.0,0.0,9702.08
1712157,203.0,6858.21,0.0,0.0,6858.21
1712405,360.0,10594.55,0.0,0.0,10594.55
1712454,380.0,13762.869999999999,0.0,0.0,13762.87
1712504,333.0,11378.14,0.0,0.0,11378.14
1712702,240.0,9725.91,0.0,0.0,9725.91
1712801,379.0,13185.3,0.0,0.0,13185.3
1713205,2163.0,80549.84999999999,0.0,0.0,80549.85
1713304,1537.0,58364.89,0.0,0.0,58364.89
1713601,638.0,23305.449999999997,0.0,0.0,23305.45
1713700,227.0,7842.68,0.0,0.0,7842.68
1713809,668.0,24794.4,0.0,0.0,24794.4
1713957,300.0,11584.859999999999,0.0,0.0,11584.86
1714203,1085.0,39894.89,0.0,0.0,39894.89
1714302,610.0,21873.12,0.0,0.0,21873.12
1714880,1269.0,45864.68,0.0,0.0,45864.68
1715002,409.0,15111.0,0.0,0.0,15111.0
1715101,490.0,17560.020000000004,0.0,0.0,17560.02
1715150,232.0,7898.35,0.0,0.0,7898.35
1715259,315.0,10419.56,0.0,0.0,10419.56
1715507,144.0,5074.75,0.0,0.0,5074.75
1715705,505.0,18395.329999999998,0.0,0.0,18395.33
1715754,787.0,28881.62,0.0,0.0,28881.62
1716109,3372.0,131637.57,0.0,0.0,131637.57
1716208,1316.0,45036.409999999996,0.0,0.0,45036.409999999996
1716307,430.0,15607.27,0.0,0.0,15607.27
1716505,1198.0,47114.91,0.0,0.0,47114.909999999996
1716604,929.0,33981.07,0.0,0.0,33981.07
1716653,532.0,19858.71,0.0,0.0,19858.71
1716703,902.0,32011.240000000005,0.0,0.0,32011.24
1717008,530.0,18291.86,0.0,0.0,18291.86
1717206,180.0,6880.459999999999,0.0,0.0,6880.46
1717503,569.0,20908.68,0.0,0.0,20908.68
1717800,551.0,18575.440000000002,0.0,0.0,18575.44
1717909,688.0,23850.700000000004,0.0,0.0,23850.7
1718006,314.0,11113.42,0.0,0.0,11113.42
1718204,5565.0,213875.71000000002,0.0,0.0,213875.71
1718303,897.0,33867.69,0.0,0.0,33867.69
1718402,376.0,13303.82,0.0,0.0,13303.82
1718451,253.0,9534.72,0.0,0.0,9534.72
1718501,405.0,14278.500000000002,0.0,0.0,14278.5
1718550,502.0,18858.28,0.0,0.0,18858.28
1718659,227.0,7511.93,0.0,0.0,7511.93
1718709,285.0,10065.72,0.0,0.0,10065.72
1718758,658.0,23382.21,0.0,0.0,23382.21
1718808,716.0,26935.230000000003,0.0,0.0,26935.23
1718840,362.0,13669.59,0.0,0.0,13669.59
1718865,810.0,29790.32,0.0,0.0,29790.32
1718881,247.0,9156.5,0.0,0.0,9156.5
1718899,133.0,4967.17,0.0,0.0,4967.17
1718907,535.0,19610.370000000003,0.0,0.0,19610.37
1719004,284.0,10557.15,0.0,0.0,10557.15
1720002,260.0,8980.63,0.0,0.0,8980.63
1720101,746.0,28198.66,0.0,0.0,28198.66
1720150,171.0,6456.4400000000005,0.0,0.0,6456.44
1720200,1753.0,67123.75,0.0,0.0,67123.75
1720259,265.0,9393.85,0.0,0.0,9393.85
1720309,572.0,21442.559999999998,0.0,0.0,21442.56
1720499,567.0,20406.909999999996,0.0,0.0,20406.91
1720655,633.0,23835.41,0.0,0.0,23835.41
1720804,1266.0,48600.61,0.0,0.0,48600.61
1720853,150.0,5627.66,0.0,0.0,5627.66
1720903,1927.0,66465.61,0.0,0.0,66465.61
1720937,216.0,7647.27,0.0,0.0,7647.2699999999995
1720978,192.0,6685.41,0.0,0.0,6685.41
1721000,22202.0,884620.8300000001,0.0,0.0,884620.83
1721109,718.0,27637.33,0.0,0.0,27637.329999999998
1721208,2572.0,97811.2,0.0,0.0,97811.2
1721257,139.0,5359.97,0.0,0.0,5359.97
1721307,171.0,6182.92,0.0,0.0,6182.92
1722081,1292.0,47716.87000000001,0.0,0.0,47716.87
1722107,1271.0,50113.11,0.0,0.0,50113.11
2400109,1386.0,43651.020000000004,-196.68999999999997,7.0,43454.33
2400208,9196.0,312703.38,-959.9200000000001,32.0,311743.46
2400307,1408.0,44648.57000000001,-81.18,2.0,44567.39
2400406,480.0,15490.49,0.0,0.0,15490.49
2400505,1884.0,60930.28,-92.6,3.0,60837.68
2400604,769.0,25183.73,0.0,0.0,25183.73
2400703,1465.0,48545.97,-93.1,3.0,48452.87
2400802,1549.0,50517.63,-250.08,7.0,50267.55
2400901,1316.0,39454.46,-49.93,2.0,39404.53
2401008,5323.0,168503.03000000003,-226.01999999999998,7.0,168277.01
2401107,2782.0,89321.96,-837.3400000000001,26.0,88484.62
2401206,1833.0,58312.44,-321.55,9.0,57990.89
2401305,1675.0,52837.75,0.0,0.0,52837.75
2401404,903.0,29350.980000000003,-42.269999999999996,3.0,29308.71
2401453,3971.0,132933.13,-139.32999999999998,4.0,132793.8
2401503,602.0,17883.980000000003,-79.58,2.0,17804.4
2401602,916.0,26897.95,-493.47,16.0,26404.48
2401651,555.0,14725.85,-341.03,11.0,14384.82
2401701,1645.0,51512.490000000005,-102.01,3.0,51410.48
2401800,1769.0,52608.85,-494.03000000000014,15.0,52114.82
2401859,801.0,25396.73,-80.08,3.0,25316.65
2401909,520.0,15031.48,-40.57,1.0,14990.91
2402006,7184.0,239374.14,-911.9000000000001,27.0,238462.24
2402105,1723.0,46035.46,-44.42,3.0,45991.04
2402204,4548.0,145922.97,-1322.9799999999998,46.0,144599.99
2402303,3285.0,105500.04999999999,-121.25999999999999,4.0,105378.79
2402402,956.0,30972.270000000004,-136.63,4.0,30835.64
2402501,1415.0,45165.57000000001,-76.36,2.0,45089.21
2402600,9815.0,314650.17,-3493.83,106.0,311156.34
2402709,1502.0,40320.350000000006,-278.21,10.0,40042.14
2402808,979.0,24761.91,-60.72,2.0,24701.19
2402907,643.0,21081.23,0.0,0.0,21081.23
2403004,1163.0,37845.31,-154.73,6.0,37690.58
2403103,5657.0,178378.62,-692.0200000000001,21.0,177686.6
2403202,944.0,29057.77,-26.38,1.0,29031.39
2403251,19815.0,644589.54,-5764.93,190.0,638824.61
2403301,857.0,27876.68,-164.03,7.0,27712.65
2403400,1081.0,29041.79,-100.02999999999999,6.0,28941.76
2403509,1247.0,38581.689999999995,-416.23999999999995,13.0,38165.45
2403608,7478.0,245553.82,-2499.81,79.0,243054.01
2403707,1034.0,33935.33,0.0,0.0,33935.33
2403756,476.0,14769.52,-127.77,4.0,14641.75
2403806,1435.0,42599.46,-194.92,5.0,42404.54
2403905,416.0,12909.949999999999,-286.78,8.0,12623.17
2404002,692.0,22039.83,0.0,0.0,22039.829999999998
2404101,239.0,7685.24,-51.79,2.0,7633.45
2404200,3745.0,118454.59,-1264.4799999999998,43.0,117190.11
2404309,1897.0,61326.08,-173.79000000000002,5.0,61152.29
2404408,1368.0,45264.42,-121.73,3.0,45142.69
2404507,1723.0,54071.93,-233.31,10.0,53838.62
2404606,1844.0,57613.82,-59.91,2.0,57553.91
2404705,1785.0,58943.799999999996,-531.5899999999999,17.0,58412.21
2404804,249.0,8281.05,-146.79,5.0,8134.26
2404853,1164.0,39265.19,-166.34,5.0,39098.85
2404903,875.0,27738.79,0.0,0.0,27738.79
2405009,1299.0,33734.01,-52.36,2.0,33681.65
2405108,994.0,31149.760000000002,-140.2,4.0,31009.56
2405207,663.0,22038.2,0.0,0.0,22038.2
2405306,1355.0,39444.85,-191.81,7.0,39253.04
2405405,1384.0,36190.31,-36.14,2.0,36154.17
2405504,348.0,9980.39,0.0,0.0,9980.39
2405603,2091.0,69671.51000000001,-233.44,8.0,69438.07
2405702,1308.0,41393.28999999999,-73.2,2.0,41320.09
2405801,4778.0,150758.68,-385.87999999999994,12.0,150372.8
2405900,451.0,12897.240000000002,0.0,0.0,12897.24
2406007,960.0,30022.11,-107.75999999999999,3.0,29914.35
2406106,2763.0,88238.33,0.0,0.0,88238.33
2406155,557.0,17810.5,-16.84,1.0,17793.66
2406205,1214.0,36616.38,-118.49999999999999,4.0,36497.88
2406304,1451.0,41976.46,-46.849999999999994,2.0,41929.61
2406403,465.0,13537.79,-81.21000000000001,2.0,13456.58
2406502,2342.0,64324.23999999999,-288.07,10.0,64036.17
2406601,1870.0,56367.060000000005,-212.47,6.0,56154.59
2406700,1240.0,38683.46000000001,-13.3,1.0,38670.159999999996
2406809,905.0,25050.41,-147.28,5.0,24903.13
2406908,600.0,19232.27,-73.15,3.0,19159.12
2407005,1352.0,39765.45,-40.59,1.0,39724.86
2407104,12267.0,392054.02,-2979.29,96.0,389074.73
2407203,2558.0,82180.94,-214.08,7.0,81966.86
2407252,638.0,21322.989999999998,-81.19,2.0,21241.8
2407302,1254.0,40653.65,-87.41000000000001,3.0,40566.24
2407401,988.0,28468.510000000002,-53.900000000000006,2.0,28414.61
2407500,1148.0,35194.259999999995,-448.9800000000001,15.0,34745.28
2407609,678.0,22072.190000000002,0.0,0.0,22072.19
2407708,1871.0,56976.759999999995,-86.52,3.0,56890.24
2407807,3027.0,94864.31,-465.26,17.0,94399.05
2407906,518.0,12935.810000000001,-111.97999999999999,5.0,12823.83
2408003,28904.0,969216.1799999999,-4980.620000000001,149.0,964235.56
2408102,51104.0,1643107.9100000001,-14792.0,463.0,1628315.91
2408201,3852.0,121855.37,-501.65999999999997,16.0,121353.71
2408300,5646.0,169320.72999999998,-373.3400000000001,13.0,168947.38999999998
2408409,538.0,17225.450000000004,0.0,0.0,17225.45
2408508,663.0,20876.350000000002,0.0,0.0,20876.35
2408607,763.0,23347.21,0.0,0.0,23347.21
2408706,512.0,15993.919999999998,0.0,0.0,15993.92
2408805,763.0,23814.949999999997,-166.66,5.0,23648.29
2408904,3047.0,93562.48999999999,-77.38999999999999,2.0,93485.1
2408953,1604.0,51653.740000000005,-221.81,6.0,51431.93
2409100,1983.0,60024.729999999996,-107.06,3.0,59917.67
2409209,546.0,16638.46,-56.07,2.0,16582.39
2409308,1839.0,60205.51,-26.1,1.0,60179.41
2409332,858.0,26432.59,-21.47,1.0,26411.12
2409407,3711.0,126018.72,-698.67,25.0,125320.05
2409506,627.0,19680.79,-105.75,4.0,19575.04
2409605,395.0,11488.32,0.0,0.0,11488.32
2409704,830.0,24817.339999999997,-10.18,1.0,24807.16
2409803,2293.0,71243.31,-37.59,1.0,71205.72
2409902,1559.0,50707.2,-240.17000000000002,7.0,50467.03
2410009,527.0,16790.72,-191.62,7.0,16599.1
2410108,1831.0,56802.909999999996,-73.05000000000001,2.0,56729.86
2410207,1142.0,33589.71,-71.22999999999999,3.0,33518.48
2410256,874.0,27243.879999999997,-359.22999999999996,9.0,26884.65
2410306,1527.0,46225.96,-167.74999999999997,7.0,46058.21
2410405,1445.0,43793.490000000005,-211.55,7.0,43581.94
2410504,758.0,25487.02,0.0,0.0,25487.02
2410603,494.0,15271.45,-11.07,1.0,15260.38
2410702,426.0,13583.439999999999,0.0,0.0,13583.44
2410801,642.0,20181.09,-106.61999999999999,3.0,20074.47
2410900,1075.0,32915.69,-172.64000000000001,5.0,32743.05
2411007,650.0,21598.11,-40.61,1.0,21557.5
2411056,859.0,26165.84,-107.25999999999999,3.0,26058.58
2411106,552.0,15656.09,-38.05,1.0,15618.039999999999
2411205,5204.0,159414.71999999997,-207.94,6.0,159206.78
2411403,1630.0,50231.54,0.0,0.0,50231.54
2411429,357.0,10572.94,0.0,0.0,10572.94
2411502,3775.0,113984.49,-374.90000000000003,12.0,113609.59
2411601,389.0,12272.19,-97.27000000000001,3.0,12174.92
2411700,662.0,18206.15,-16.58,1.0,18189.57
2411809,504.0,16479.339999999997,-34.85,1.0,16444.49
2411908,582.0,18291.29,0.0,0.0,18291.29
2412005,13504.0,436067.02,-3900.6500000000005,115.0,432166.37
2412104,684.0,20748.36,-37.26,1.0,20711.1
2412203,6525.0,207624.40000000002,-1526.4299999999998,55.0,206097.97
2412302,1657.0,49427.66,-93.66,3.0,49334.0
2412401,449.0,14651.25,-21.47,1.0,14629.78
2412500,3502.0,102215.12,-180.40000000000003,6.0,102034.72
2412559,1214.0,38491.57,0.0,0.0,38491.57
2412609,2721.0,83284.72,-139.76999999999998,7.0,83144.95
2412708,924.0,27336.03,-115.3,7.0,27220.73
2412807,1343.0,42471.28,-146.67,5.0,42324.61
2412906,1664.0,49350.01000000001,-30.17,2.0,49319.84
2413003,946.0,28675.96,-50.83,2.0,28625.13
2413102,1140.0,33005.95,-160.62,6.0,32845.33
2413201,581.0,18189.280000000002,-147.34,4.0,18041.94
2413300,1033.0,28747.980000000003,-39.15,1.0,28708.83
2413359,2305.0,70778.78,-274.59000000000003,13.0,70504.19
2413409,711.0,24547.57,-81.17,2.0,24466.4
2413508,1332.0,38953.33,-152.34,6.0,38800.99
2413557,853.0,24816.699999999997,-40.59,1.0,24776.11
2413607,1025.0,31961.68,0.0,0.0,31961.68
2413706,826.0,23284.08,-81.13,3.0,23202.95
2413805,399.0,12196.49,-178.15,10.0,12018.34
2413904,1595.0,48740.61,-211.2,7.0,48529.409999999996
2414001,2318.0,71266.06,-363.3000000000001,14.0,70902.76
2414100,1286.0,42333.23,-153.34000000000003,6.0,42179.89
2414159,952.0,26849.39,-77.37,2.0,26772.02
2414209,1520.0,50941.729999999996,-381.46,14.0,50560.27
2414308,282.0,9320.71,0.0,0.0,9320.710000000001
2414407,5188.0,167573.21,-118.22,3.0,167454.99
2414456,658.0,19406.93,-81.19,2.0,19325.74
2414506,1493.0,48186.19,-210.99,7.0,47975.2
2414605,2057.0,64958.03,-143.04000000000002,5.0,64814.99
2414704,839.0,25368.75,-302.91999999999996,9.0,25065.83
2414753,615.0,17523.489999999998,-61.019999999999996,2.0,17462.47
2414803,1820.0,56986.95,-127.51,4.0,56859.44
2414902,296.0,9711.29,0.0,0.0,9711.29
2415008,515.0,16667.949999999997,0.0,0.0,16667.95
2500106,1899.0,39392.26,0.0,0.0,39392.26
2500205,865.0,20112.239999999998,0.0,0.0,20112.24
2500304,5203.0,121066.44,0.0,0.0,121066.44
2500403,3835.0,81792.7,0.0,0.0,81792.7
2500502,2506.0,61004.92,0.0,0.0,61004.92
2500536,1034.0,22099.32,0.0,0.0,22099.32
2500577,619.0,12022.92,0.0,0.0,12022.92
2500601,3579.0,89531.45999999999,0.0,0.0,89531.46
2500700,2512.0,62314.96000000001,0.0,0.0,62314.95999999999
2500734,448.0,9288.86,0.0,0.0,9288.86
2500775,1348.0,34591.47,0.0,0.0,34591.47
2500809,3567.0,85244.05,0.0,0.0,85244.05
2500908,2793.0,54047.04,0.0,0.0,54047.03999999999
2501005,3316.0,63168.020000000004,0.0,0.0,63168.020000000004
2501104,3768.0,77631.8,0.0,0.0,77631.79999999999
2501153,376.0,8247.460000000001,0.0,0.0,8247.460000000001
2501203,1595.0,32681.690000000002,0.0,0.0,32681.690000000002
2501302,4221.0,84994.20000000001,0.0,0.0,84994.20000000001
2501351,891.0,19486.32,0.0,0.0,19486.32
2501401,1038.0,32017.03,0.0,0.0,32017.03
2501500,3104.0,67703.35,0.0,0.0,67703.35
2501534,1087.0,21325.72,0.0,0.0,21325.719999999998
2501575,1579.0,31336.29,0.0,0.0,31336.29
2501609,2751.0,54429.08,0.0,0.0,54429.08
2501708,1101.0,25610.089999999997,0.0,0.0,25610.090000000004
2501807,15276.0,395894.08999999997,0.0,0.0,395894.08999999997
2501906,3373.0,76306.95999999999,0.0,0.0,76306.95999999999
2502003,1343.0,34313.78,0.0,0.0,34313.78
2502052,629.0,13685.34,0.0,0.0,13685.34
2502102,1016.0,24557.410000000003,0.0,0.0,24557.41
2502151,801.0,18886.620000000003,0.0,0.0,18886.620000000003
2502201,423.0,10632.580000000002,0.0,0.0,10632.58
2502300,745.0,18333.79,0.0,0.0,18333.79
2502409,1959.0,45264.2,0.0,0.0,45264.2
2502508,3252.0,73847.48999999999,0.0,0.0,73847.48999999999
2502607,1149.0,28716.86,0.0,0.0,28716.86
2502706,939.0,20114.85,0.0,0.0,20114.85
2502805,2804.0,73502.78,0.0,0.0,73502.78
2502904,1264.0,32927.090000000004,0.0,0.0,32927.090000000004
2503001,3425.0,85497.71,0.0,0.0,85497.71
2503209,7619.0,202792.29,0.0,0.0,202792.29
2503308,1232.0,30484.54,0.0,0.0,30484.54
2503407,635.0,15709.23,0.0,0.0,15709.23
2503506,3125.0,61908.41000000001,0.0,0.0,61908.41
2503555,1602.0,34838.42,0.0,0.0,34838.42
2503605,1349.0,30571.079999999998,0.0,0.0,30571.079999999998
2503704,11611.0,296973.42000000004,0.0,0.0,296973.42
2503753,383.0,9968.42,0.0,0.0,9968.42
2503803,1216.0,29227.61,0.0,0.0,29227.61
2503902,1513.0,31751.51,0.0,0.0,31751.510000000002
2504009,56028.0,1288588.21,0.0,0.0,1288588.21
2504033,1268.0,31802.339999999997,0.0,0.0,31802.34
2504074,767.0,17290.59,0.0,0.0,17290.59
2504108,422.0,10615.79,0.0,0.0,10615.79
2504157,1320.0,24841.449999999997,0.0,0.0,24841.449999999997
2504207,739.0,17558.56,0.0,0.0,17558.56
2504306,4922.0,129314.01,0.0,0.0,129314.01
2504355,916.0,20603.76,0.0,0.0,20603.76
2504405,2962.0,72408.02,0.0,0.0,72408.02
2504504,1133.0,27786.579999999998,0.0,0.0,27786.579999999998
2504603,4047.0,106403.34,0.0,0.0,106403.34
2504702,1161.0,25851.65,0.0,0.0,25851.65
2504801,3196.0,80205.75,0.0,0.0,80205.75
2504850,332.0,7421.27,0.0,0.0,7421.2699999999995
2504900,2941.0,73474.51999999999,0.0,0.0,73474.52
2505006,1515.0,31444.7,0.0,0.0,31444.699999999997
2505105,3909.0,80299.24,0.0,0.0,80299.24
2505204,1422.0,35147.630000000005,0.0,0.0,35147.63
2505238,1285.0,30308.22,0.0,0.0,30308.22
2505279,970.0,22910.0,0.0,0.0,22910.0
2505303,313.0,7727.719999999999,0.0,0.0,7727.72
2505352,1177.0,21479.77,0.0,0.0,21479.77
2505402,1691.0,38574.840000000004,0.0,0.0,38574.840000000004
2505501,598.0,15407.260000000002,0.0,0.0,15407.26
2505600,1125.0,29206.120000000003,0.0,0.0,29206.12
2505709,2304.0,50021.17,0.0,0.0,50021.17
2505808,649.0,14643.890000000001,0.0,0.0,14643.890000000001
2505907,495.0,12120.74,0.0,0.0,12120.74
2506004,5959.0,124600.37,0.0,0.0,124600.37
2506103,1995.0,42108.47,0.0,0.0,42108.47
2506202,589.0,13380.330000000002,0.0,0.0,13380.33
2506251,1905.0,37594.05,0.0,0.0,37594.05
2506301,10137.0,248779.27000000002,0.0,0.0,248779.27000000002
2506400,2156.0,52670.68,0.0,0.0,52670.68
2506509,606.0,12998.399999999998,0.0,0.0,12998.4
2506608,864.0,20423.440000000002,0.0,0.0,20423.440000000002
2506707,2031.0,40111.18,0.0,0.0,40111.18
2506806,3930.0,93767.17000000001,0.0,0.0,93767.16999999998
2506905,4880.0,117282.32999999999,0.0,0.0,117282.32999999999
2507002,3739.0,93399.57,0.0,0.0,93399.57
2507101,3578.0,87312.67,0.0,0.0,87312.67
2507200,2146.0,49844.81,0.0,0.0,49844.81
2507309,2883.0,66535.49,0.0,0.0,66535.49
2507408,1157.0,29022.549999999996,0.0,0.0,29022.550000000003
2507507,91601.0,2408470.06,0.0,0.0,2408470.06
2507606,2019.0,47695.54,0.0,0.0,47695.54
2507705,3105.0,65387.56,0.0,0.0,65387.56
2507804,1495.0,32233.679999999997,0.0,0.0,32233.68
2507903,2229.0,52613.04,0.0,0.0,52613.04
2508000,1682.0,37984.41,0.0,0.0,37984.41
2508109,708.0,17320.68,0.0,0.0,17320.68
2508208,1414.0,32476.630000000005,0.0,0.0,32476.63
2508307,4016.0,89008.20999999999,0.0,0.0,89008.21
2508406,412.0,10622.25,0.0,0.0,10622.25
2508505,1311.0,27494.5,0.0,0.0,27494.5
2508554,746.0,17616.940000000002,0.0,0.0,17616.94
2508604,2007.0,49168.55,0.0,0.0,49168.55
2508703,719.0,16303.04,0.0,0.0,16303.039999999999
2508802,1022.0,25510.769999999997,0.0,0.0,25510.77
2508901,7640.0,195790.66999999998,0.0,0.0,195790.66999999998
2509008,2278.0,48257.93,0.0,0.0,48257.93
2509057,1249.0,39635.840000000004,0.0,0.0,39635.84
2509107,5137.0,123403.25,0.0,0.0,123403.25
2509156,1146.0,30492.39,0.0,0.0,30492.39
2509206,2536.0,54002.06,0.0,0.0,54002.06
2509305,1478.0,37082.41,0.0,0.0,37082.41
2509339,693.0,13959.150000000001,0.0,0.0,13959.15
2509370,410.0,11079.710000000001,0.0,0.0,11079.710000000001
2509396,1491.0,29964.51,0.0,0.0,29964.51
2509404,3047.0,69787.18000000001,0.0,0.0,69787.18
2509503,1210.0,24640.4,0.0,0.0,24640.4
2509602,1029.0,22902.09,0.0,0.0,22902.09
2509701,7129.0,154441.05,0.0,0.0,154441.05
2509800,1645.0,37953.06,0.0,0.0,37953.06
2509909,1376.0,27336.510000000002,0.0,0.0,27336.51
2510006,1322.0,33911.31,0.0,0.0,33911.310000000005
2510105,2341.0,46385.12,0.0,0.0,46385.119999999995
2510204,1053.0,25101.870000000003,0.0,0.0,25101.87
2510303,711.0,15409.66,0.0,0.0,15409.66
2510402,1241.0,29863.91,0.0,0.0,29863.91
2510501,633.0,13261.02,0.0,0.0,13261.02
2510600,540.0,12080.740000000002,0.0,0.0,12080.740000000002
2510659,266.0,5668.87,0.0,0.0,5668.87
2510709,465.0,10937.840000000002,0.0,0.0,10937.84
2510808,18022.0,466765.38,0.0,0.0,466765.38
2510907,1730.0,45638.689999999995,0.0,0.0,45638.689999999995
2511004,516.0,13064.039999999999,0.0,0.0,13064.039999999999
2511103,1279.0,25254.760000000002,0.0,0.0,25254.76
2511202,4883.0,136212.8,-84.24,3.0,136128.56
2511301,2824.0,70354.55,0.0,0.0,70354.55
2511400,3387.0,75373.01000000001,0.0,0.0,75373.01000000001
2511509,2154.0,51320.54,0.0,0.0,51320.54
2511608,1398.0,31539.7,0.0,0.0,31539.7
2511707,1132.0,25931.27,0.0,0.0,25931.27
2511806,2074.0,48095.630000000005,0.0,0.0,48095.63
2511905,2864.0,70264.12,0.0,0.0,70264.12
2512002,3325.0,70980.53,0.0,0.0,70980.53
2512036,544.0,12207.96,0.0,0.0,12207.96
2512077,603.0,14994.680000000002,0.0,0.0,14994.68
2512101,5226.0,136374.93,0.0,0.0,136374.93
2512200,716.0,15891.890000000001,0.0,0.0,15891.89
2512309,3716.0,86657.97,0.0,0.0,86657.97
2512408,1574.0,33501.06,0.0,0.0,33501.06
2512507,8110.0,184159.56,0.0,0.0,184159.56
2512606,326.0,8019.169999999999,0.0,0.0,8019.169999999999
2512705,3262.0,66430.62,0.0,0.0,66430.62
2512747,625.0,13432.37,0.0,0.0,13432.369999999999
2512754,885.0,21865.78,0.0,0.0,21865.78
2512762,943.0,22607.97,0.0,0.0,22607.97
2512804,1672.0,42486.38,0.0,0.0,42486.38
2512903,3897.0,101477.70000000001,0.0,0.0,101477.70000000001
2513000,567.0,11605.16,0.0,0.0,11605.16
2513109,2204.0,50533.89000000001,0.0,0.0,50533.89
2513158,1578.0,32905.439999999995,0.0,0.0,32905.44
2513208,938.0,23717.420000000002,0.0,0.0,23717.420000000002
2513307,1133.0,28394.83,0.0,0.0,28394.829999999998
2513356,474.0,10844.829999999998,0.0,0.0,10844.83
2513406,2604.0,67449.44,0.0,0.0,67449.44
2513505,636.0,14779.66,0.0,0.0,14779.66
2513604,1135.0,27329.46,0.0,0.0,27329.46
2513653,466.0,10710.07,0.0,0.0,10710.07
2513703,21764.0,560094.76,0.0,0.0,560094.76
2513802,885.0,20758.68,0.0,0.0,20758.68
2513901,5877.0,156223.52000000002,0.0,0.0,156223.52
2513927,596.0,15358.93,0.0,0.0,15358.93
2513943,460.0,10870.869999999999,0.0,0.0,10870.87
2513968,348.0,8794.279999999999,0.0,0.0,8794.28
2513984,473.0,11976.33,0.0,0.0,11976.33
2514008,702.0,15775.239999999998,0.0,0.0,15775.24
2514107,848.0,15803.32,0.0,0.0,15803.32
2514206,1203.0,29457.65,0.0,0.0,29457.65
2514305,1034.0,23480.25,0.0,0.0,23480.25
2514404,553.0,14064.33,0.0,0.0,14064.33
2514453,1092.0,26544.550000000003,0.0,0.0,26544.55
2514503,3612.0,90675.86,0.0,0.0,90675.86
2514552,539.0,11457.51,0.0,0.0,11457.51
2514602,575.0,14285.869999999999,0.0,0.0,14285.869999999999
2514651,253.0,6458.66,0.0,0.0,6458.66
2514701,705.0,16399.6,0.0,0.0,16399.6
2514800,694.0,14959.510000000002,0.0,0.0,14959.509999999998
2514909,1340.0,32266.57,0.0,0.0,32266.57
2515005,1527.0,36173.61,0.0,0.0,36173.61
2515104,1834.0,37776.420000000006,0.0,0.0,37776.42
2515203,702.0,14799.170000000002,0.0,0.0,14799.17
2515302,11205.0,280326.11,0.0,0.0,280326.11
2515401,2247.0,44490.4,0.0,0.0,44490.4
2515500,2615.0,58902.380000000005,0.0,0.0,58902.38
2515708,586.0,12823.91,0.0,0.0,12823.91
2515807,1728.0,36576.03,0.0,0.0,36576.03
2515906,891.0,17732.910000000003,0.0,0.0,17732.91
2515930,932.0,22123.92,0.0,0.0,22123.92
2515971,1403.0,35734.229999999996,0.0,0.0,35734.23
2516003,5207.0,108239.97,0.0,0.0,108239.97
2516102,2540.0,56642.3,0.0,0.0,56642.299999999996
2516151,751.0,14973.28,0.0,0.0,14973.28
2516201,12208.0,322094.98,0.0,0.0,322094.98
2516300,3652.0,81405.95999999999,0.0,0.0,81405.95999999999
2516409,1638.0,36676.79,0.0,0.0,36676.79
2516508,2952.0,61398.740000000005,0.0,0.0,61398.740000000005
2516607,2720.0,60897.58,0.0,0.0,60897.58
2516706,3429.0,74144.24,0.0,0.0,74144.24
2516755,690.0,13409.89,0.0,0.0,13409.89
2516805,1503.0,37654.74,0.0,0.0,37654.74
2516904,2328.0,59103.58,0.0,0.0,59103.58
2517001,1594.0,32041.94,0.0,0.0,32041.94
2517100,420.0,10381.560000000001,0.0,0.0,10381.560000000001
2517209,638.0,15309.65,0.0,0.0,15309.65
2517407,407.0,8820.989999999998,0.0,0.0,8820.99
2609709,3936.0,110717.37,-259.18,8.0,110458.19
2800100,289.0,8643.390000000001,0.0,0.0,8643.39
2800209,3412.0,85087.69,0.0,0.0,85087.69
2800308,46195.0,1383427.78,0.0,0.0,1383427.78
2800506,2805.0,77253.4,0.0,0.0,77253.4
2800605,3892.0,116916.65000000001,0.0,0.0,116916.65
2800704,1168.0,31822.99,0.0,0.0,31822.99
2801009,2860.0,75817.95,0.0,0.0,75817.95
2801108,914.0,24997.41,0.0,0.0,24997.41
2801207,4894.0,136074.01,0.0,0.0,136074.01
2801306,5516.0,145575.78999999998,0.0,0.0,145575.79
2801405,4025.0,95749.28,0.0,0.0,95749.28
2801504,2320.0,65518.00000000001,0.0,0.0,65518.0
2801603,887.0,25682.85,0.0,0.0,25682.85
2801900,743.0,18849.9,0.0,0.0,18849.9
2802007,641.0,17878.600000000002,0.0,0.0,17878.6
2802205,1163.0,30454.97,0.0,0.0,30454.97
2802304,2837.0,72740.43000000001,0.0,0.0,72740.43
2802403,2265.0,57121.17,0.0,0.0,57121.17
2802502,453.0,12295.69,0.0,0.0,12295.69
2802601,1307.0,32188.4,0.0,0.0,32188.4
2802700,1367.0,37505.05,0.0,0.0,37505.05
2802908,12660.0,353571.68999999994,0.0,0.0,353571.69
2803104,864.0,21741.0,0.0,0.0,21741.0
2803203,5509.0,146065.05,0.0,0.0,146065.05
2803302,2442.0,63203.07000000001,0.0,0.0,63203.07
2803401,2379.0,63162.450000000004,0.0,0.0,63162.45
2803500,19378.0,373490.84,-499808.87,5410.0,-126318.03
2803609,3286.0,95296.97,0.0,0.0,95296.97
2803708,1271.0,31824.76,0.0,0.0,31824.76
2803807,624.0,16935.43,0.0,0.0,16935.43
2803906,2105.0,55241.170000000006,0.0,0.0,55241.17
2804003,2042.0,57109.72,0.0,0.0,57109.72
2804102,1831.0,48441.57,0.0,0.0,48441.57
2804201,2727.0,71886.68000000001,0.0,0.0,71886.68
2804300,1394.0,36120.53,0.0,0.0,36120.53
2804409,2292.0,61618.2,0.0,0.0,61618.2
2804458,1774.0,44121.649999999994,0.0,0.0,44121.65
2804508,6347.0,170655.26,0.0,0.0,170655.26
2804607,4751.0,120349.88,0.0,0.0,120349.88
2804706,1169.0,30774.070000000003,0.0,0.0,30774.07
2804805,24616.0,727054.72,0.0,0.0,727054.72
2804904,2181.0,54743.66,0.0,0.0,54743.66
2805000,460.0,11479.22,0.0,0.0,11479.22
2805208,1233.0,30910.020000000004,0.0,0.0,30910.02
2805307,1093.0,29482.3,0.0,0.0,29482.3
2805406,5462.0,140670.35,0.0,0.0,140670.35
2805505,4833.0,117735.11,0.0,0.0,117735.11
2805604,5344.0,140340.38,0.0,0.0,140340.38
2805703,3725.0,106635.07,0.0,0.0,106635.06999999999
2805901,1140.0,32133.39,0.0,0.0,32133.39
2806008,3135.0,79510.51,0.0,0.0,79510.51
2806107,1483.0,42821.45,0.0,0.0,42821.45
2806206,3669.0,97152.94,0.0,0.0,97152.94
2806404,1272.0,36704.28,0.0,0.0,36704.28
2806503,552.0,14225.14,0.0,0.0,14225.14
2806602,1785.0,49530.48,0.0,0.0,49530.48
2806701,9603.0,276774.63,0.0,0.0,276774.63
2806800,1799.0,47363.380000000005,0.0,0.0,47363.38
2806909,504.0,13779.630000000001,0.0,0.0,13779.63
2807006,622.0,15353.28,0.0,0.0,15353.28
2807105,9184.0,222056.27000000002,0.0,0.0,222056.27
2807204,1262.0,34026.95,0.0,0.0,34026.95
2807303,551.0,15576.92,0.0,0.0,15576.92
3101508,3397.0,113466.16,0.0,0.0,113466.16
3103108,112.0,3773.3099999999995,0.0,0.0,3773.31
3103702,793.0,24394.480000000003,0.0,0.0,24394.48
3104403,316.0,10039.96,0.0,0.0,10039.960000000001
3104601,1061.0,35491.3,0.0,0.0,35491.3
3105509,653.0,22577.659999999996,0.0,0.0,22577.66
3109105,915.0,22281.089999999997,0.0,0.0,22281.09
3110202,389.0,11728.96,0.0,0.0,11728.960000000001
3110509,1621.0,39950.91,0.0,0.0,39950.91
3110608,2031.0,51746.21000000001,0.0,0.0,51746.21
3111705,486.0,15574.619999999999,0.0,0.0,15574.62
3112901,873.0,27494.79,0.0,0.0,27494.79
3115300,5088.0,169572.44,0.0,0.0,169572.44
3116704,836.0,25526.43,0.0,0.0,25526.43
3119906,203.0,5082.46,0.0,0.0,5082.46
3121308,603.0,19622.36,0.0,0.0,19622.36
3121902,435.0,13532.169999999998,0.0,0.0,13532.17
3122900,559.0,18949.739999999998,0.0,0.0,18949.74
3123528,756.0,23904.22,0.0,0.0,23904.22
3124005,1811.0,55431.84,0.0,0.0,55431.840000000004
3124500,601.0,15035.62,0.0,0.0,15035.62
3124906,1608.0,51205.990000000005,0.0,0.0,51205.99
3125101,1498.0,40975.4,0.0,0.0,40975.4
3128402,757.0,24979.1,0.0,0.0,24979.100000000002
3128808,798.0,27249.67,0.0,0.0,27249.670000000002
3129004,619.0,20293.68,0.0,0.0,20293.68
3132602,405.0,12642.1,0.0,0.0,12642.1
3133600,660.0,17022.61,0.0,0.0,17022.61
3138005,639.0,20565.92,0.0,0.0,20565.920000000002
3138401,4768.0,160559.59999999998,0.0,0.0,160559.6
3138674,589.0,18919.28,0.0,0.0,18919.28
3139409,5825.0,186450.15000000002,0.0,0.0,186450.15
3139508,2999.0,92892.3,0.0,0.0,92892.3
3140530,945.0,29605.539999999997,0.0,0.0,29605.54
3140902,2710.0,89010.94,0.0,0.0,89010.94
3141603,1258.0,36286.8,0.0,0.0,36286.8
3142106,877.0,26075.5,0.0,0.0,26075.5
3142205,1185.0,37886.11,0.0,0.0,37886.11
3143807,580.0,14246.11,0.0,0.0,14246.11
3143906,8647.0,286810.54000000004,0.0,0.0,286810.54
3146701,710.0,23716.68,0.0,0.0,23716.68
3148202,720.0,23985.559999999998,0.0,0.0,23985.56
3148301,1002.0,29641.45,0.0,0.0,29641.45
3148806,383.0,12097.400000000001,0.0,0.0,12097.4
3149002,385.0,11806.970000000001,0.0,0.0,11806.97
3151107,1122.0,37491.73,0.0,0.0,37491.73
3151305,1102.0,37037.83,0.0,0.0,37037.83
3153509,940.0,29595.559999999998,0.0,0.0,29595.56
3154101,1189.0,38119.600000000006,0.0,0.0,38119.6
3154150,772.0,24941.21,0.0,0.0,24941.21
3155405,895.0,28810.510000000002,0.0,0.0,28810.510000000002
3155801,1693.0,55531.47,0.0,0.0,55531.47
3156205,295.0,10192.130000000001,0.0,0.0,10192.130000000001
3156304,682.0,24416.22,0.0,0.0,24416.22
3156452,463.0,13917.81,0.0,0.0,13917.81
3157906,1863.0,61391.7,0.0,0.0,61391.7
3158409,440.0,14165.1,0.0,0.0,14165.1
3158904,763.0,23888.19,0.0,0.0,23888.19
3160009,373.0,11736.46,0.0,0.0,11736.460000000001
3161502,899.0,29723.700000000004,0.0,0.0,29723.7
3162559,1096.0,35650.42,0.0,0.0,35650.42
3162906,2561.0,86343.56,0.0,0.0,86343.56
3163805,830.0,25449.230000000003,0.0,0.0,25449.23
3164431,231.0,6750.1,0.0,0.0,6750.1
3165578,701.0,17470.71,0.0,0.0,17470.71
3165602,189.0,6172.48,-40.49,1.0,6131.99
3165701,789.0,24570.11,0.0,0.0,24570.11
3166303,840.0,25960.649999999998,0.0,0.0,25960.65
3167301,270.0,8048.909999999999,0.0,0.0,8048.91
3167608,1756.0,54888.78999999999,0.0,0.0,54888.79
3167905,450.0,14543.759999999998,0.0,0.0,14543.76
3169000,1803.0,59689.33,0.0,0.0,59689.33
3169109,463.0,11713.330000000002,0.0,0.0,11713.33
3169901,7280.0,249965.22,0.0,0.0,249965.22
3171303,6075.0,190860.91999999998,-2006.9499999999998,85.0,188853.97
3171402,337.0,10367.3,0.0,0.0,10367.3
3172004,2993.0,102382.79000000001,0.0,0.0,102382.79000000001
3500105,1211.0,32286.769999999997,0.0,0.0,32286.77
3500204,307.0,8284.6,0.0,0.0,8284.6
3500303,2027.0,62123.43,-403.9,13.0,61719.53
3500402,255.0,7792.32,-69.72999999999999,2.0,7722.59
3500808,322.0,8542.220000000001,0.0,0.0,8542.22
3501202,189.0,5793.35,0.0,0.0,5793.35
3501301,2081.0,55125.76,0.0,0.0,55125.76
3501806,296.0,9050.46,0.0,0.0,9050.46
3502101,2598.0,81747.66,-174.72,6.0,81572.94
3502200,1407.0,41502.590000000004,-309.15000000000003,10.0,41193.44
3502309,387.0,11473.01,-16.81,1.0,11456.2
3502408,217.0,6336.360000000001,0.0,0.0,6336.36
3502606,228.0,7206.06,0.0,0.0,7206.0599999999995
3502705,1883.0,51106.71,-191.06,6.0,50915.65
3503158,261.0,7412.540000000001,0.0,0.0,7412.54
3503307,4501.0,139123.05,-1756.1799999999996,54.0,137366.87
3503356,107.0,2833.07,0.0,0.0,2833.07
3503505,323.0,9231.900000000001,-64.78,2.0,9167.12
3503901,4555.0,143962.71000000002,-921.87,28.0,143040.84000000003
3503950,106.0,3320.2200000000003,0.0,0.0,3320.22
3504008,4625.0,123213.31,0.0,0.0,123213.31
3504107,3932.0,124524.71,-411.4,13.0,124113.31000000001
3504206,648.0,19772.520000000004,-32.82,1.0,19739.7
3504909,964.0,29257.46,-148.59,5.0,29108.87
3505005,295.0,8526.21,-99.5,3.0,8426.71
3505351,684.0,18209.23,0.0,0.0,18209.23
3505401,807.0,22399.71,-45.05,2.0,22354.66
3505807,779.0,21202.36,0.0,0.0,21202.36
3506359,3196.0,102116.79000000002,-210.76999999999998,6.0,101906.02
3507100,1235.0,39246.880000000005,-204.48000000000002,6.0,39042.4
3507159,317.0,8535.53,-36.36,1.0,8499.17
3507209,53.0,1385.1800000000003,0.0,0.0,1385.18
3507605,7383.0,202554.78999999998,0.0,0.0,202554.79
3508009,1891.0,55779.49,-186.04,6.0,55593.45
3508108,1284.0,40441.77,-95.58,4.0,40346.19
3508900,203.0,5139.0599999999995,0.0,0.0,5139.06
3509007,3547.0,110805.03000000001,-626.5999999999999,20.0,110178.43000000001
3509106,290.0,7502.58,0.0,0.0,7502.58
3509254,2043.0,60310.95000000001,-301.56,9.0,60009.39
3509452,440.0,12802.740000000002,0.0,0.0,12802.74
3509700,1275.0,39757.479999999996,-72.72,2.0,39684.76
3509908,1012.0,29796.890000000003,-141.95,4.0,29654.94
3510005,1424.0,38252.59,0.0,0.0,38252.590000000004
3510203,3249.0,92915.51000000001,-720.47,24.0,92195.04
3510708,759.0,22901.17,-101.4,3.0,22799.77
3511003,1005.0,31331.030000000002,-237.91,7.0,31093.12
3511102,4035.0,110595.67,0.0,0.0,110595.67
3511201,335.0,9036.26,0.0,0.0,9036.26
3511508,960.0,30377.900000000005,-342.24999999999994,11.0,30035.649999999998
3511607,515.0,15307.77,-163.26,6.0,15144.51
3512209,1407.0,43839.200000000004,-192.39,6.0,43646.81
3512308,838.0,25357.67,-64.78,2.0,25292.89
3512407,546.0,16985.93,-202.51999999999998,6.0,16783.41
3512605,439.0,12090.180000000002,-36.19,1.0,12053.99
3512704,107.0,3221.9800000000005,-33.31,1.0,3188.67
3512902,498.0,15583.76,-33.49,1.0,15550.27
3513306,121.0,3066.4500000000003,0.0,0.0,3066.45
3513603,2124.0,58972.869999999995,-230.76,7.0,58742.11
3513850,108.0,3455.4800000000005,0.0,0.0,3455.48
3514205,176.0,5485.540000000001,0.0,0.0,5485.54
3514403,1613.0,50462.03999999999,-278.84000000000003,8.0,50183.2
3514700,609.0,15986.93,0.0,0.0,15986.93
3514809,931.0,26931.120000000006,-16.81,1.0,26914.31
3514924,198.0,5463.950000000001,0.0,0.0,5463.95
3515129,218.0,5636.33,0.0,0.0,5636.33
3515202,272.0,8533.27,0.0,0.0,8533.27
3515301,102.0,3105.4100000000003,0.0,0.0,3105.41
3515350,499.0,14573.880000000001,0.0,0.0,14573.88
3515400,1192.0,35826.38,-338.96000000000004,10.0,35487.42
3515509,3369.0,105721.39000000001,-646.57,19.0,105074.81999999999
3515806,78.0,2344.19,-36.36,1.0,2307.83
3515905,135.0,4078.1800000000003,0.0,0.0,4078.18
3516002,520.0,15128.9,-35.81,1.0,15093.09
3516101,239.0,6302.490000000001,0.0,0.0,6302.49
3516309,8684.0,263735.61,-1565.7799999999997,52.0,262169.83
3516408,6430.0,196738.21,-1079.65,33.0,195658.56
3516804,205.0,6300.710000000001,0.0,0.0,6300.71
3516903,455.0,13544.190000000002,-62.45,2.0,13481.74
3517604,1286.0,33805.3,-53.91,2.0,33751.39
3517802,356.0,11026.650000000001,-32.39,1.0,10994.26
3518008,135.0,3999.6699999999996,-36.36,1.0,3963.31
3518701,7351.0,217835.87000000002,-1009.04,30.0,216826.83
3518909,288.0,8487.05,-36.36,1.0,8450.69
3519204,438.0,11627.91,0.0,0.0,11627.91
3519501,903.0,24708.440000000002,0.0,0.0,24708.44
3519907,693.0,17819.42,0.0,0.0,17819.42
3520202,694.0,20563.090000000004,-64.93,2.0,20498.16
3520301,2696.0,80777.34,-349.07000000000005,11.0,80428.26999999999
3520400,1217.0,38838.37,0.0,0.0,38838.37
3520426,1377.0,41643.6,-52.879999999999995,2.0,41590.72
3520442,650.0,20828.24,-222.44000000000003,7.0,20605.8
3520608,473.0,12758.869999999999,0.0,0.0,12758.87
3520707,279.0,8084.72,-36.36,1.0,8048.36
3520806,161.0,4225.92,0.0,0.0,4225.92
3521101,188.0,5612.319999999999,-36.36,1.0,5575.96
3521200,364.0,9921.45,-30.06,1.0,9891.39
3521408,413.0,13270.199999999999,-136.65,4.0,13133.55
3521507,530.0,14461.05,0.0,0.0,14461.05
3521606,396.0,11601.48,-30.19,1.0,11571.289999999999
3521705,1187.0,33776.170000000006,-175.58999999999997,6.0,33600.58
3521903,1055.0,29814.739999999998,0.0,0.0,29814.74
3522109,8924.0,274226.19999999995,-1286.64,40.0,272939.56
3522158,310.0,8083.65,0.0,0.0,8083.65
3522406,6089.0,174461.51999999996,-1167.96,39.0,173293.56
3522653,452.0,12370.580000000002,0.0,0.0,12370.58
3522802,1267.0,36189.47,-87.02999999999999,3.0,36102.44
3523008,269.0,8226.220000000001,0.0,0.0,8226.22
3523206,3551.0,101750.29,-621.81,21.0,101128.48
3523305,1111.0,34803.15000000001,-140.92,4.0,34662.23
3523602,541.0,16148.86,-101.34,3.0,16047.52
3524600,1106.0,32354.92,-72.72,2.0,32282.2
3524808,2139.0,68168.8,-72.72,2.0,68096.08
3525201,1126.0,35377.670000000006,-64.66,2.0,35313.01
3525508,567.0,17131.96,-69.18,2.0,17062.78
3525607,282.0,7501.2,0.0,0.0,7501.2
3525854,77.0,2322.6900000000005,0.0,0.0,2322.69
3526001,913.0,28648.66,-215.47000000000003,6.0,28433.190000000002
3526100,1304.0,37705.62,-104.13,3.0,37601.49
3526308,405.0,11355.330000000002,0.0,0.0,11355.33
3526407,1035.0,31983.9,-228.07,7.0,31755.829999999998
3526506,223.0,6929.190000000001,0.0,0.0,6929.19
3526605,507.0,15783.420000000002,-34.17,1.0,15749.25
3526704,5040.0,158901.04999999996,-1019.16,31.0,157881.89
3526902,11090.0,354342.98999999993,-2152.27,67.0,352190.72000000003
3527256,166.0,5239.34,-69.25,2.0,5170.09
3527405,1284.0,34598.049999999996,0.0,0.0,34598.05
3527900,161.0,4123.67,0.0,0.0,4123.67
3528106,460.0,13962.490000000002,0.0,0.0,13962.49
3528205,142.0,4261.18,0.0,0.0,4261.18
3528304,138.0,4174.6,0.0,0.0,4174.6
3528502,4715.0,144927.13999999998,-440.43000000000006,14.0,144486.71
3528700,208.0,6157.1100000000015,-72.72,2.0,6084.39
3528809,713.0,18759.32,0.0,0.0,18759.32
3528858,187.0,5198.0599999999995,0.0,0.0,5198.06
3528908,215.0,6393.91,0.0,0.0,6393.91
3529104,109.0,3306.0800000000004,0.0,0.0,3306.08
3529203,1838.0,48953.1,0.0,0.0,48953.1
3529609,199.0,5948.27,0.0,0.0,5948.2699999999995
3529658,87.0,2631.5500000000006,0.0,0.0,2631.55
3529906,1483.0,42590.97,-222.76999999999998,9.0,42368.200000000004
3530003,156.0,4707.5599999999995,0.0,0.0,4707.56
3530102,913.0,28659.920000000002,-66.92,2.0,28593.0
3530201,834.0,25257.25,-34.6,1.0,25222.65
3531001,99.0,3073.51,0.0,0.0,3073.5099999999998
3531100,4037.0,124510.93000000001,-517.0600000000001,17.0,123993.87
3531407,1187.0,35539.9,-92.64,3.0,35447.259999999995
3531605,230.0,7170.750000000001,-36.36,1.0,7134.39
3532108,181.0,5872.1500000000015,0.0,0.0,5872.15
3532157,215.0,5710.159999999998,0.0,0.0,5710.16
3532207,279.0,8632.51,0.0,0.0,8632.51
3532306,421.0,11017.37,-33.49,1.0,10983.88
3532405,1090.0,32250.86,-22.91,1.0,32227.95
3532603,434.0,13442.980000000001,0.0,0.0,13442.98
3532702,342.0,10123.599999999999,0.0,0.0,10123.6
3532827,845.0,23428.39,0.0,0.0,23428.39
3532843,95.0,3000.51,-65.94,2.0,2934.57
3532868,51.0,1434.7999999999997,0.0,0.0,1434.8
3533106,129.0,3864.13,0.0,0.0,3864.13
3533205,267.0,8432.01,0.0,0.0,8432.01
3533254,332.0,9261.130000000001,0.0,0.0,9261.130000000001
3533304,221.0,6543.59,-68.02000000000001,2.0,6475.57
3534203,156.0,4665.820000000001,-16.81,1.0,4649.01
3534500,168.0,4546.85,0.0,0.0,4546.85
3534609,1744.0,47919.95999999999,0.0,0.0,47919.96
3534757,480.0,14800.140000000001,-33.62,1.0,14766.52
3534807,840.0,26101.8,-105.78,3.0,25996.019999999997
3534906,483.0,14454.940000000002,-59.349999999999994,2.0,14395.59
3535200,431.0,13849.350000000002,0.0,0.0,13849.35
3535309,1295.0,34364.28,0.0,0.0,34364.28
3535408,1026.0,32290.870000000003,-62.21,2.0,32228.66
3535507,2761.0,74819.24,0.0,0.0,74819.24
3535606,1072.0,42678.07,-80.63,2.0,42597.44
3535903,318.0,10311.980000000001,-36.36,1.0,10275.619999999999
3536000,950.0,25354.089999999997,0.0,0.0,25354.09
3536208,1080.0,32297.020000000004,-141.70999999999998,5.0,32155.31
3536257,191.0,6198.620000000001,0.0,0.0,6198.62
3536406,590.0,18654.27,-29.33,1.0,18624.94
3536604,538.0,15777.7,-211.81,6.0,15565.89
3536802,312.0,7968.06,0.0,0.0,7968.06
3536901,104.0,3009.9700000000007,-16.81,1.0,2993.16
3537156,145.0,3997.4300000000003,0.0,0.0,3997.43
3537206,777.0,23224.07,-143.03,6.0,23081.04
3537404,1233.0,38684.47000000001,-172.9,5.0,38511.57
3537503,375.0,11463.97,-135.99,4.0,11327.98
3537602,4914.0,150506.9,-483.3,16.0,150023.6
3537909,1126.0,33177.75,-197.52,6.0,32980.23
3538105,460.0,13800.15,0.0,0.0,13800.15
3538204,797.0,20903.33,0.0,0.0,20903.33
3538303,284.0,7291.719999999999,0.0,0.0,7291.72
3538501,760.0,22512.31,-96.81,3.0,22415.5
3538600,1220.0,37082.450000000004,-279.40000000000003,8.0,36803.05
3539202,955.0,28976.36,-36.36,1.0,28940.0
3539608,282.0,8406.360000000002,-70.28,2.0,8336.08
3539707,328.0,8343.67,0.0,0.0,8343.67
3540259,245.0,7506.66,0.0,0.0,7506.66
3540309,101.0,2995.0500000000006,0.0,0.0,2995.05
3540408,285.0,8873.35,0.0,0.0,8873.35
3540507,571.0,16949.609999999997,-263.51000000000005,8.0,16686.1
3540853,214.0,5543.02,0.0,0.0,5543.02
3541000,11014.0,340610.61,-1170.0700000000002,34.0,339440.54000000004
3541208,565.0,15490.75,0.0,0.0,15490.75
3541307,2346.0,64560.95999999999,0.0,0.0,64560.96
3541406,10863.0,295742.5,0.0,0.0,295742.5
3541505,1913.0,51259.78,0.0,0.0,51259.78
3541653,173.0,5155.200000000001,-98.87,3.0,5056.330000000001
3541703,1014.0,27240.879999999997,0.0,0.0,27240.88
3541901,774.0,23110.370000000003,-102.91,3.0,23007.46
3542206,1564.0,42632.06999999999,0.0,0.0,42632.07
3542305,285.0,8354.58,-69.63,2.0,8284.95
3542404,920.0,24419.370000000003,0.0,0.0,24419.37
3542602,3767.0,114330.47000000002,-333.74,11.0,113996.73
3542800,313.0,8746.029999999999,0.0,0.0,8746.03
3543006,1894.0,51510.04,-147.29000000000002,5.0,51362.75
3543204,404.0,10711.8,0.0,0.0,10711.8
3543238,165.0,4272.9,0.0,0.0,4272.9
3543253,493.0,13127.089999999998,-62.65,2.0,13064.44
3543501,672.0,18625.06,-211.58,7.0,18413.48
3543808,336.0,8874.88,0.0,0.0,8874.88
3543907,5217.0,158408.17,-1134.52,34.0,157273.65
3544202,628.0,19268.81,-34.6,1.0,19234.21
3544251,994.0,30293.820000000003,-52.56,2.0,30241.26
3544509,226.0,7211.440000000001,0.0,0.0,7211.44
3544707,144.0,3757.58,0.0,0.0,3757.58
3544806,651.0,17497.56,0.0,0.0,17497.56
3545100,367.0,9497.78,0.0,0.0,9497.78
3545407,659.0,17308.33,0.0,0.0,17308.33
3545506,184.0,5714.06,0.0,0.0,5714.06
3545704,240.0,7356.530000000001,-63.739999999999995,2.0,7292.79
3546108,144.0,4252.0,-34.29,1.0,4217.71
3546207,150.0,4657.389999999999,0.0,0.0,4657.39
3546306,1535.0,48363.170000000006,-223.25,7.0,48139.92
3546603,1122.0,35633.17,-211.32,6.0,35421.85
3546702,403.0,12554.190000000002,-137.14,4.0,12417.05
3546801,2664.0,81577.86,-632.13,19.0,80945.73000000001
3547106,211.0,6310.12,-36.36,1.0,6273.76
3547205,54.0,1621.2499999999998,-36.36,1.0,1584.8899999999999
3547403,60.0,1790.9099999999999,0.0,0.0,1790.91
3547502,1027.0,32069.030000000002,-204.25,7.0,31864.78
3547650,62.0,1873.0199999999998,0.0,0.0,1873.02
3547700,1370.0,37067.3,0.0,0.0,37067.3
3548203,394.0,11658.08,-25.12,1.0,11632.96
3548302,239.0,6000.51,0.0,0.0,6000.51
3548500,6218.0,192548.58999999997,-216.18,8.0,192332.41
3548609,737.0,21646.620000000003,0.0,0.0,21646.62
3549003,160.0,4967.77,0.0,0.0,4967.7699999999995
3549102,2417.0,75455.15000000002,-566.16,18.0,74888.99
3549201,111.0,3312.380000000001,-36.36,1.0,3276.02
3549250,75.0,2319.0,-36.31,1.0,2282.69
3549300,110.0,3394.6400000000003,0.0,0.0,3394.64
3549607,348.0,9834.02,0.0,0.0,9834.02
3550001,708.0,20039.76,-64.66,2.0,19975.1
3551306,195.0,6270.290000000001,-36.36,1.0,6233.93
3551801,1108.0,32505.07,-167.14,5.0,32337.93
3552007,478.0,14076.91,-63.14,2.0,14013.769999999999
3552304,302.0,9338.04,-67.11,2.0,9270.93
3552551,182.0,5367.14,-36.36,1.0,5330.78
3552908,395.0,12174.8,0.0,0.0,12174.8
3553302,1139.0,36524.03,-316.29999999999995,9.0,36207.73
3553500,561.0,16172.15,-141.05,5.0,16031.1
3553856,486.0,13598.630000000001,-14.36,1.0,13584.27
3553906,348.0,9919.23,-62.58,2.0,9856.65
3553955,833.0,22526.97,0.0,0.0,22526.97
3554003,4871.0,149633.31000000003,-1398.0600000000002,42.0,148235.25
3554300,1250.0,38645.31,-136.57999999999998,5.0,38508.73
3554508,1110.0,34638.44,-340.35,10.0,34298.090000000004
3554656,210.0,5920.920000000001,-69.05,2.0,5851.87
3554904,279.0,8736.400000000001,-69.18,2.0,8667.22
3554953,366.0,9577.32,0.0,0.0,9577.32
3555000,3346.0,91564.79999999999,0.0,0.0,91564.8
3555109,539.0,17161.38,-36.36,1.0,17125.02
3555208,115.0,3083.71,-55.62,2.0,3028.09
3555307,76.0,2499.4100000000003,0.0,0.0,2499.41
3555406,5118.0,161911.86999999997,-217.38000000000005,7.0,161694.49
3555703,68.0,1932.6499999999999,0.0,0.0,1932.65
3555802,393.0,12050.53,0.0,0.0,12050.53
3556008,788.0,22281.54,0.0,0.0,22281.54
3556107,709.0,22717.410000000003,-106.69999999999999,3.0,22610.71
3556354,373.0,10020.61,0.0,0.0,10020.61
3556404,1591.0,49919.54,-318.89,10.0,49600.65
3556958,84.0,2689.2,0.0,0.0,2689.2
3557105,3892.0,124542.02,-486.15000000000003,15.0,124055.87
3557154,157.0,4698.100000000001,-21.46,1.0,4676.64
4104204,4744.0,98424.26000000001,-24.34,1.0,98399.92
4201505,153.0,4786.209999999999,-34.73,1.0,4751.48
4202073,891.0,22146.23,-881.5200000000001,33.0,21264.71
4202800,382.0,10335.23,0.0,0.0,10335.23
4204251,158.0,4181.8,0.0,0.0,4181.8
4204608,3939.0,101739.24999999999,-3804.3199999999997,135.0,97934.93
4204707,131.0,3452.25,0.0,0.0,3452.25
4204756,4.0,100.14,0.0,0.0,100.14
4205191,82.0,1172.98,-13.12,1.0,1159.8600000000001
4205456,284.0,5878.05,0.0,0.0,5878.05
4206207,230.0,8122.12,0.0,0.0,8122.120000000001
4210407,174.0,4499.07,-121.48,4.0,4377.589999999999
4210506,512.0,12040.44,-2184.98,78.0,9855.460000000001
4210803,129.0,1902.46,-16.0,1.0,1886.46
4210902,79.0,2038.9999999999998,-62.290000000000006,2.0,1976.71
4211256,68.0,966.73,0.0,0.0,966.73
4211405,83.0,2021.3600000000001,-108.35000000000001,4.0,1913.01
4211603,82.0,1972.6599999999996,-30.59,1.0,1942.0700000000002
4211702,337.0,9260.74,-153.66,5.0,9107.08
4212254,359.0,10967.59,0.0,0.0,10967.59
4212403,58.0,1577.47,-61.89,2.0,1515.58
4212908,201.0,5596.180000000001,-89.55,3.0,5506.63
4213807,273.0,8160.29,0.0,0.0,8160.29
4215901,17.0,522.22,0.0,0.0,522.22
4216008,219.0,5531.299999999999,-243.9,8.0,5287.400000000001
4216404,243.0,7218.34,0.0,0.0,7218.34
4217006,315.0,7555.049999999999,-24.33,1.0,7530.72
4217105,15.0,457.0,0.0,0.0,457.0
4217303,69.0,1855.94,-31.24,1.0,1824.6999999999998
4217550,29.0,750.56,-25.92,1.0,724.64
4217758,16.0,374.59000000000003,0.0,0.0,374.59000000000003
4217956,15.0,429.42999999999995,0.0,0.0,429.42999999999995
4218103,89.0,1300.44,0.0,0.0,1300.44
4218806,213.0,3081.6600000000003,0.0,0.0,3081.66
4219002,316.0,7763.119999999999,0.0,0.0,7763.120000000001
4300059,52.0,1600.9599999999996,0.0,0.0,1600.96
4300554,16.0,340.58,0.0,0.0,340.58
4302238,47.0,1073.01,0.0,0.0,1073.01
4302501,212.0,6225.030000000001,0.0,0.0,6225.030000000001
4303301,167.0,5099.959999999999,0.0,0.0,5099.96
4304101,96.0,2045.3400000000001,0.0,0.0,2045.34
4304952,136.0,4081.6799999999994,0.0,0.0,4081.68
4305207,495.0,15144.640000000001,-71.6,2.0,15073.04
4305504,76.0,2157.23,0.0,0.0,2157.2299999999996
4306106,3360.0,100448.32999999999,-1192.42,35.0,99255.90999999999
4306304,102.0,2325.1299999999997,-845.25,25.0,1479.8799999999999
4306353,97.0,2721.5999999999995,0.0,0.0,2721.6
4306932,295.0,8969.31,-31.04,1.0,8938.269999999999
4307054,78.0,2242.18,-15.34,1.0,2226.8399999999997
4307500,592.0,18571.77,0.0,0.0,18571.77
4307559,170.0,5124.81,0.0,0.0,5124.81
4308250,6.0,213.86,0.0,0.0,213.86
4308458,132.0,3750.7800000000007,0.0,0.0,3750.7799999999997
4308854,13.0,393.26,0.0,0.0,393.26
4309126,37.0,1167.16,0.0,0.0,1167.1599999999999
4309506,313.0,9380.449999999999,-35.07,1.0,9345.38
4309803,90.0,2559.42,0.0,0.0,2559.42
4309951,174.0,5043.900000000001,0.0,0.0,5043.9
4310009,338.0,10073.659999999998,0.0,0.0,10073.66
4310876,22.0,464.82000000000005,0.0,0.0,464.82
4310900,83.0,2469.94,0.0,0.0,2469.94
4311130,93.0,2218.4500000000003,0.0,0.0,2218.45
4311270,18.0,534.95,0.0,0.0,534.95
4311809,753.0,21457.04,-639.48,31.0,20817.559999999998
4312138,12.0,228.81000000000003,0.0,0.0,228.81
4312179,46.0,1258.1999999999998,-70.46,2.0,1187.7399999999998
4312427,104.0,2958.1600000000008,0.0,0.0,2958.16
4312625,7.0,171.11,0.0,0.0,171.11
4312658,291.0,8752.95,-32.5,1.0,8720.449999999999
4312674,18.0,397.18,0.0,0.0,397.18
4312708,827.0,24958.760000000002,-125.7,4.0,24833.06
4314100,7669.0,234586.57,-3769.1099999999997,112.0,230817.46
4314308,174.0,5407.1900000000005,0.0,0.0,5407.19
4314555,99.0,3016.85,0.0,0.0,3016.85
4314779,47.0,951.5799999999998,0.0,0.0,951.58
4315107,651.0,19606.920000000002,-80.51,3.0,19526.41
4315354,98.0,2350.45,-824.4000000000001,24.0,1526.05
4315958,43.0,1278.8199999999997,0.0,0.0,1278.82
4316105,401.0,12359.57,-37.17,2.0,12322.4
4316303,295.0,8950.550000000001,-90.13,2.0,8860.42
4316451,961.0,28619.08,-301.26,9.0,28317.819999999996
4316477,32.0,998.18,0.0,0.0,998.18
4316600,292.0,8785.380000000001,-31.71,1.0,8753.67
4316709,530.0,15797.000000000002,-31.52,1.0,15765.48
4316733,25.0,550.81,0.0,0.0,550.81
4317509,4226.0,131160.26,-1244.02,38.0,129916.24
4317707,551.0,16767.760000000002,0.0,0.0,16767.76
4317954,38.0,1171.6,0.0,0.0,1171.6
4318424,77.0,2256.18,0.0,0.0,2256.18
4318903,2189.0,67964.93000000001,-110.08999999999999,5.0,67854.84
4319158,268.0,8082.139999999999,0.0,0.0,8082.139999999999
4319307,143.0,4597.700000000002,0.0,0.0,4597.7
4319372,49.0,1536.11,0.0,0.0,1536.1100000000001
4320503,150.0,4528.62,0.0,0.0,4528.62
4320909,535.0,15588.52,0.0,0.0,15588.52
4321006,332.0,10174.87,-35.8,1.0,10139.07
4321469,10.0,235.23,0.0,0.0,235.23
4321956,268.0,7836.359999999999,-18.95,1.0,7817.41
4322152,80.0,2096.2799999999997,0.0,0.0,2096.2799999999997
4322202,1774.0,51924.73,-47.53,2.0,51877.2
4323200,24.0,734.7799999999999,0.0,0.0,734.78
4323358,6.0,144.14999999999998,0.0,0.0,144.15
4323408,56.0,1635.2700000000002,-19.43,1.0,1615.8400000000001
4323754,99.0,2666.12,0.0,0.0,2666.12
5000807,427.0,13528.440000000002,0.0,0.0,13528.44
5002308,941.0,29944.930000000008,-36.36,1.0,29908.57
5007554,218.0,6713.860000000001,0.0,0.0,6713.86
5007802,433.0,13247.830000000002,-34.29,1.0,13213.539999999999
5008305,7110.0,232027.85000000003,-946.2500000000001,27.0,231081.6
5205000,353.0,10862.11,0.0,0.0,10862.11
5205406,433.0,12889.619999999999,0.0,0.0,12889.62
5210158,117.0,3379.310000000001,0.0,0.0,3379.31
5218607,224.0,6905.84,0.0,0.0,6905.84
5218706,294.0,8887.08,0.0,0.0,8887.08
5219357,141.0,4196.41,0.0,0.0,4196.41
5220280,55.0,1618.36,0.0,0.0,1618.36
5221700,898.0,28154.059999999998,0.0,0.0,28154.06
2503100,727.0,16771.48,0.0,0.0,16771.48
2512721,858.0,19943.95,0.0,0.0,19943.95
2512788,433.0,9221.68,0.0,0.0,9221.68
2513851,493.0,10596.82,0.0,0.0,10596.82
2515609,414.0,9408.029999999999,0.0,0.0,9408.03
2600054,11951.0,375570.72,-2554.88,76.0,373015.83999999997
2600104,7373.0,224389.22999999998,-520.73,20.0,223868.5
2600203,3251.0,89950.38,-47.690000000000005,3.0,89902.69
2600302,4917.0,145822.57,-134.89,8.0,145687.68
2600401,4483.0,131375.58000000002,-292.59,9.0,131082.99
2600500,7730.0,226780.93,-644.6299999999999,23.0,226136.3
2600609,2857.0,76957.9,-54.73,3.0,76903.17
2600708,6809.0,207994.9,-442.46,14.0,207552.44
2600807,4434.0,121694.82999999999,-159.32,9.0,121535.51
2600906,3050.0,87896.83,-146.69999999999996,6.0,87750.13
2601003,2198.0,58966.91,-172.94,8.0,58793.97
2601052,2625.0,85273.32,-223.36,9.0,85049.95999999999
2601102,13409.0,401706.13,-1363.3000000000002,50.0,400342.82999999996
2601201,10496.0,308929.41,-1559.0900000000001,48.0,307370.32
2601300,1917.0,51002.98999999999,0.0,0.0,51002.990000000005
2601409,5601.0,168330.78,-502.0,21.0,167828.78
2601508,2178.0,59089.38,-103.25,5.0,58986.13
2601607,2549.0,79732.32,-214.09,7.0,79518.23000000001
2601706,17441.0,490717.41,-2521.2700000000004,72.0,488196.14
2601805,1934.0,62810.11,-119.30000000000001,3.0,62690.81
2601904,12227.0,346036.07999999996,-776.79,38.0,345259.29000000004
2602001,5307.0,157301.61,-572.95,25.0,156728.66
2602100,7019.0,212910.4,-659.7199999999999,26.0,212250.68
2602209,6866.0,199676.55,-529.5400000000001,19.0,199147.00999999998
2602308,6710.0,187294.32,-534.12,22.0,186760.2
2602407,1751.0,51379.91,-44.77,1.0,51335.14
2602506,1603.0,41648.94,0.0,0.0,41648.94
2602605,9642.0,292887.06999999995,-619.14,20.0,292267.93
2602704,2676.0,84639.73999999999,-141.82,4.0,84497.92
2602803,8735.0,235380.88,-684.3999999999999,23.0,234696.47999999998
2602902,23648.0,752165.15,-2951.1299999999997,114.0,749214.02
2603009,4704.0,152442.65999999997,-794.0999999999999,22.0,151648.56
2603108,4087.0,118614.27000000002,-246.91,15.0,118367.36000000002
2603207,4612.0,130374.29000000001,-2.19,1.0,130372.1
2603306,1798.0,49685.799999999996,-40.42,1.0,49645.38
2603405,1122.0,33700.55,-177.94000000000003,5.0,33522.61
2603454,14715.0,473807.8,-1678.63,58.0,472129.17000000004
2603504,3276.0,91849.47,-86.77000000000001,5.0,91762.7
2603603,1454.0,44260.630000000005,-131.32999999999998,4.0,44129.3
2603702,3994.0,109494.98000000001,-137.24,4.0,109357.74
2603801,3370.0,95454.6,-170.69,7.0,95283.91
2603900,3508.0,103852.14,-195.51000000000002,8.0,103656.63
2603926,2223.0,77949.62,-65.35,2.0,77884.26999999999
2604007,13764.0,448637.08999999997,-1803.83,58.0,446833.25999999995
2604106,54531.0,1670976.1799999997,-5481.18,200.0,1665495.0
2604155,3121.0,87625.0,-276.78999999999996,16.0,87348.20999999999
2604205,6910.0,202884.67,-765.87,28.0,202118.80000000002
2604304,1858.0,56556.9,-353.85999999999996,12.0,56203.04
2604403,1983.0,61294.880000000005,0.0,0.0,61294.880000000005
2604502,3366.0,97904.32,-392.84000000000003,13.0,97511.48000000001
2604601,3695.0,116305.3,-413.34,13.0,115891.96
2604700,2463.0,68695.89000000001,0.0,0.0,68695.89
2604809,2299.0,65696.38,-51.739999999999995,2.0,65644.64
2604908,2916.0,81536.09,-114.26,4.0,81421.83
2605004,4393.0,129541.12999999999,-529.6000000000001,16.0,129011.53
2605103,6543.0,220925.61000000002,-812.1700000000001,30.0,220113.44
2605152,2459.0,69942.61000000002,-56.269999999999996,3.0,69886.34
2605202,7450.0,228787.54,-1080.6799999999998,34.0,227706.86000000002
2605301,6466.0,189627.93,-294.48,15.0,189333.45
2605400,4736.0,145707.45,-191.76,6.0,145515.69
2605459,44.0,1626.54,0.0,0.0,1626.54
2605509,1827.0,58702.86,-77.4,2.0,58625.46
2605608,3529.0,103525.01,-182.64,7.0,103342.37
2605707,4640.0,155624.68,-517.05,18.0,155107.63
2605806,3158.0,90284.32,-41.48,1.0,90242.84
2605905,3557.0,109254.9,-210.99,9.0,109043.91
2606002,21247.0,634877.72,-2557.6800000000003,89.0,632320.04
2606101,4363.0,134079.25,-608.71,23.0,133470.54
2606200,9555.0,314433.47,-1089.06,33.0,313344.41000000003
2606309,1256.0,38407.91,-178.56,6.0,38229.35
2606408,14808.0,446144.41000000003,-1272.0800000000002,41.0,444872.33
2606507,3405.0,99907.74,-365.37,12.0,99542.37
2606606,5062.0,156147.69,-875.6099999999999,28.0,155272.08000000002
2606705,1228.0,32632.5,-26.98,2.0,32605.52
2606804,15420.0,509301.06999999995,-2522.17,65.0,506778.9
2606903,1763.0,50245.17,-194.51999999999998,9.0,50050.649999999994
2607000,3442.0,113094.76999999999,-128.45,5.0,112966.32
2607109,810.0,24837.27,-13.21,1.0,24824.059999999998
2607208,10447.0,338994.53,-1048.9499999999998,42.0,337945.57999999996
2607307,3950.0,120060.05,-215.34,8.0,119844.70999999999
2607406,639.0,23377.59,-199.44,6.0,23178.15
2607505,4674.0,131243.28,-88.55000000000001,4.0,131154.73
2607604,2467.0,72117.20999999999,-118.41,4.0,71998.79999999999
2607653,5845.0,179163.06,-478.91999999999996,16.0,178684.14
2607703,2861.0,78897.70000000001,-124.96000000000001,6.0,78772.73999999999
2607752,2280.0,73237.91,-255.77,7.0,72982.14
2607802,2135.0,65906.04999999999,-338.48999999999995,14.0,65567.56
2607901,57967.0,1830196.8900000001,-10343.15,333.0,1819853.7399999998
2607950,2008.0,57199.43000000001,-67.88,4.0,57131.55
2608008,3879.0,105087.64,-241.94,12.0,104845.7
2608057,1383.0,46435.770000000004,-24.11,1.0,46411.659999999996
2608107,4910.0,136586.11,-52.290000000000006,3.0,136533.82
2608206,2615.0,77664.41,-1096.3000000000002,19.0,76568.11
2608255,2309.0,63110.74,-40.41,1.0,63070.33
2608305,3084.0,85462.75,-224.86,10.0,85237.89
2608404,3025.0,76870.01000000001,-207.63000000000002,11.0,76662.38
2608453,2668.0,84883.14,-557.6399999999999,16.0,84325.5
2608503,3685.0,111366.93,-114.21,6.0,111252.72
2608602,2209.0,56295.43,-142.05,5.0,56153.38
2608701,2628.0,73750.26999999999,-13.23,1.0,73737.04000000001
2608750,3079.0,95693.06,-315.31,10.0,95377.75
2608800,7315.0,214077.65999999997,-158.66,8.0,213919.0
2608909,8521.0,265513.47,-1062.1599999999999,32.0,264451.31
2609006,3831.0,106550.59000000001,-82.79,5.0,106467.8
2609105,2006.0,58247.56,0.0,0.0,58247.56
2609154,3206.0,80917.7,-258.33,16.0,80659.37
2609204,1913.0,54668.07,-35.120000000000005,3.0,54632.95
2609303,2373.0,79530.91,-255.32999999999998,7.0,79275.58
2609402,6266.0,193945.84999999998,-601.96,23.0,193343.89
2609501,4478.0,142516.76,-174.66000000000003,5.0,142342.09999999998
2609600,30641.0,948030.1799999999,-4719.46,158.0,943310.72
2609808,1690.0,51909.340000000004,-348.28000000000003,13.0,51561.06
2609907,11368.0,331158.82999999996,-872.7800000000001,34.0,330286.05
2610004,10129.0,310496.68,-643.8399999999999,24.0,309852.83999999997
2610103,1432.0,37445.630000000005,-121.56,6.0,37324.07
2610202,4006.0,104207.0,-74.75,3.0,104132.25
2610301,2666.0,71754.31,-76.24000000000001,3.0,71678.07
2610400,3189.0,91893.73,-363.6,15.0,91530.13
2610509,5622.0,170888.79,-89.32000000000001,5.0,170799.47
2610608,8280.0,262678.82,-841.51,26.0,261837.31
2610707,31024.0,1010720.78,-6506.8099999999995,216.0,1004213.97
2610806,4158.0,115934.75,-356.67,13.0,115578.07999999999
2610905,11493.0,352166.14,-1536.3000000000002,55.0,350629.83999999997
2611002,5456.0,184005.13,-910.49,28.0,183094.64
2611101,38918.0,1276690.43,-9201.77,304.0,1267488.6600000001
2611200,3336.0,85225.94,-190.5,10.0,85035.44
2611309,4065.0,125505.36000000002,-316.92999999999995,9.0,125188.43
2611408,1492.0,45404.91,-132.29000000000002,4.0,45272.62
2611507,3611.0,96613.70999999999,-259.23,12.0,96354.48000000001
2611533,1431.0,43053.27,-13.22,1.0,43040.05
2611606,93882.0,3081668.04,-23419.969999999998,651.0,3058248.07
2611705,4763.0,140609.84000000003,-24.37,1.0,140585.47
2611804,5859.0,178244.78999999998,-461.4000000000001,16.0,177783.38999999998
2611903,2058.0,65885.98999999999,-67.97,2.0,65818.02
2612000,1289.0,37065.049999999996,-32.53,1.0,37032.520000000004
2612109,926.0,25944.94,-26.28,1.0,25918.66
2612208,10001.0,329904.13,-2467.0599999999995,82.0,327437.07
2612307,2215.0,61082.43,-310.29999999999995,10.0,60772.13
2612406,3081.0,81913.67,-95.87,4.0,81817.8
2612455,2033.0,56087.62,-134.14999999999998,5.0,55953.47
2612471,1761.0,51999.33,-14.61,1.0,51984.72
2612505,18957.0,624531.14,-1264.6399999999999,46.0,623266.5
2612554,2414.0,63892.63,-40.41,1.0,63852.22
2612604,5539.0,174016.32,-431.3,14.0,173585.02000000002
2612703,2825.0,79431.01,-109.78,4.0,79321.23
2612802,1765.0,48217.72,-141.95,4.0,48075.770000000004
2612901,1767.0,47297.79,-444.33000000000004,17.0,46853.46
2613008,7893.0,232114.78999999998,-635.17,24.0,231479.62
2613107,6226.0,173271.74,-227.3,9.0,173044.44
2613206,4471.0,116691.1,-287.34,11.0,116403.76000000001
2613305,3432.0,92051.19,-45.97,3.0,92005.22
2613404,2097.0,63473.9,-224.07999999999998,8.0,63249.82
2613503,5668.0,172219.23,-595.78,21.0,171623.45
2613602,5305.0,150036.3,-205.86,8.0,149830.44
2613701,12247.0,388664.04,-1526.1499999999999,53.0,387137.89
2613800,2731.0,74778.42,-72.02,3.0,74706.4
2613909,12269.0,396114.38999999996,-2848.9300000000003,90.0,393265.45999999996
2614006,3028.0,91386.78,-97.38,3.0,91289.4
2614105,5422.0,159020.22999999998,-159.41,8.0,158860.82
2614204,3355.0,106058.31,-385.41999999999996,14.0,105672.89
2614303,2683.0,77117.69,-163.33999999999997,6.0,76954.35
2614402,1030.0,28546.11,0.0,0.0,28546.11
2614501,10912.0,338621.42,-754.89,27.0,337866.53
2614600,5491.0,163574.19,-95.27,5.0,163478.91999999998
2614709,2623.0,69822.47,-95.61,4.0,69726.86
2614808,2714.0,86726.82,-199.57999999999998,6.0,86527.23999999999
2614857,2207.0,70024.1,-94.03,3.0,69930.07
2615003,4639.0,136470.84,-518.6800000000001,20.0,135952.16
2615102,1035.0,27964.42,0.0,0.0,27964.42
2615201,1771.0,54945.06999999999,-245.52999999999997,7.0,54699.53999999999
2615300,9088.0,277715.33,-795.1700000000001,24.0,276920.16000000003
2615409,6786.0,224554.93999999997,-229.33999999999997,8.0,224325.6
2615508,2285.0,73289.81,-47.510000000000005,3.0,73242.3
2615607,4919.0,151988.28000000003,-408.51,12.0,151579.77
2615706,2174.0,62894.41,-78.58,3.0,62815.83
2615805,4193.0,108204.21999999999,-241.88,11.0,107962.34
2615904,2001.0,58593.67999999999,0.0,0.0,58593.67999999999
2616001,3877.0,118051.29000000001,-726.22,23.0,117325.06999999999
2616100,1359.0,42127.45,-78.89,2.0,42048.56
2616183,1615.0,44693.6,-53.09,2.0,44640.51
2616209,3286.0,97615.63,-223.18,10.0,97392.45
2616308,3554.0,108836.54000000001,-144.14999999999998,4.0,108692.39
2616407,23202.0,731719.1599999999,-2398.7200000000003,88.0,729320.44
2616506,2488.0,72665.23999999999,-73.69,3.0,72591.55
3200102,2118.0,57753.380000000005,0.0,0.0,57753.38
3200169,1022.0,27210.850000000002,0.0,0.0,27210.85
3200201,2910.0,80073.0,0.0,0.0,80073.0
3200300,851.0,24304.4,0.0,0.0,24304.4
3200359,473.0,12520.2,0.0,0.0,12520.199999999999
3200409,2784.0,86103.48000000001,0.0,0.0,86103.48
3200508,1153.0,31656.08,0.0,0.0,31656.08
3200607,8718.0,251746.08000000002,0.0,0.0,251746.08
3200706,850.0,23870.33,0.0,0.0,23870.33
3200805,3499.0,100546.1,0.0,0.0,100546.1
3200904,3552.0,98194.15999999999,0.0,0.0,98194.16
3201001,1648.0,47873.76,0.0,0.0,47873.76
3201100,1724.0,49075.73,0.0,0.0,49075.73
3201159,640.0,17900.42,0.0,0.0,17900.42
3201209,13756.0,395839.55000000005,0.0,0.0,395839.55
3201308,37602.0,1064731.9,0.0,0.0,1064731.9
3201407,2185.0,65132.3,0.0,0.0,65132.3
3201506,5591.0,162882.87,-331.56,10.0,162551.31
3201605,3839.0,104949.45,-871.4200000000001,5.0,104078.03
3201704,786.0,21323.070000000003,0.0,0.0,21323.07
3201803,400.0,10252.01,0.0,0.0,10252.01
3201902,1081.0,29737.010000000002,0.0,0.0,29737.01
3202009,629.0,16529.6,0.0,0.0,16529.6
3202108,2633.0,70311.44,0.0,0.0,70311.44
3202207,1382.0,38014.770000000004,0.0,0.0,38014.77
3202306,3797.0,101128.73,0.0,0.0,101128.73
3202405,11362.0,326939.28,0.0,0.0,326939.28
3202454,1616.0,43067.09,0.0,0.0,43067.09
3202504,1188.0,34501.58,0.0,0.0,34501.58
3202553,1023.0,27632.58,0.0,0.0,27632.58
3202603,721.0,21339.09,0.0,0.0,21339.09
3202652,996.0,27801.77,0.0,0.0,27801.77
3202702,858.0,24723.39,0.0,0.0,24723.39
3202801,3643.0,104944.77000000002,0.0,0.0,104944.77
3202900,426.0,11851.940000000002,0.0,0.0,11851.94
3203007,2848.0,79061.99,0.0,0.0,79061.99
3203056,2367.0,69729.66,0.0,0.0,69729.66
3203106,1252.0,35332.35,0.0,0.0,35332.35
3203130,1349.0,38788.92,0.0,0.0,38788.92
3203163,594.0,15922.32,0.0,0.0,15922.32
3203205,12791.0,381665.72000000003,-26.05,1.0,381639.67
3203304,1543.0,39670.420000000006,0.0,0.0,39670.42
3203320,5271.0,147279.61,0.0,0.0,147279.61
3203346,972.0,26624.120000000003,0.0,0.0,26624.12
3203353,501.0,14484.230000000001,-43.64,2.0,14440.59
3203403,2788.0,76731.34,0.0,0.0,76731.34
3203502,2882.0,78498.88,0.0,0.0,78498.88
3203601,939.0,23579.010000000002,0.0,0.0,23579.01
3203700,1431.0,38111.24,0.0,0.0,38111.24
3203809,1602.0,45527.86,0.0,0.0,45527.86
3203908,4692.0,134775.84999999998,0.0,0.0,134775.85
3204005,746.0,20929.969999999998,0.0,0.0,20929.969999999998
3204054,3098.0,83746.3,0.0,0.0,83746.3
3204104,2655.0,73547.1,0.0,0.0,73547.1
3204203,2450.0,70913.0,0.0,0.0,70913.0
3204252,1390.0,35942.96000000001,0.0,0.0,35942.96
3204302,1323.0,41936.229999999996,0.0,0.0,41936.23
3204351,898.0,26361.5,0.0,0.0,26361.5
3204401,773.0,22332.08,0.0,0.0,22332.08
3204500,512.0,13659.189999999999,0.0,0.0,13659.19
3204559,1448.0,40435.88,0.0,0.0,40435.88
3204609,765.0,21236.25,0.0,0.0,21236.25
3204807,1294.0,35712.130000000005,0.0,0.0,35712.13
3204906,13037.0,365097.24,-30.59,1.0,365066.65
3205002,46194.0,1344881.85,0.0,0.0,1344881.85
3205010,2086.0,72238.73000000001,0.0,0.0,72238.73
3205036,763.0,20523.66,0.0,0.0,20523.66
3205069,1041.0,30080.46,0.0,0.0,30080.46
3205101,4948.0,137007.37,0.0,0.0,137007.37
3205150,623.0,17559.4,0.0,0.0,17559.4
3205176,515.0,14912.849999999999,0.0,0.0,14912.849999999999
3205200,31772.0,905389.4500000001,0.0,0.0,905389.45
3205309,18462.0,526327.6,0.0,0.0,526327.6
3524907,449.0,14327.749999999998,0.0,0.0,14327.75
3546009,1336.0,36517.53,0.0,0.0,36517.53
4205159,38.0,854.9999999999999,0.0,0.0,855.0
4209607,392.0,10089.66,-358.08,12.0,9731.58
5000203,1487.0,61230.70999999999,0.0,0.0,61230.71
5000252,479.0,17688.35,0.0,0.0,17688.35
5000609,3502.0,140479.21000000002,0.0,0.0,140479.21
5000708,2710.0,109917.1,0.0,0.0,109917.1
5000856,900.0,35283.619999999995,0.0,0.0,35283.62
5000906,907.0,33300.420000000006,0.0,0.0,33300.42
5001003,2521.0,99681.9,0.0,0.0,99681.9
5001102,5301.0,209163.84,0.0,0.0,209163.84
5001243,1131.0,42634.71,0.0,0.0,42634.71
5001508,825.0,30061.66,0.0,0.0,30061.66
5001904,2256.0,89083.23,0.0,0.0,89083.23
5002001,1055.0,42141.240000000005,0.0,0.0,42141.24
5002100,2478.0,94722.55,0.0,0.0,94722.55
5002159,809.0,32422.899999999998,0.0,0.0,32422.9
5002209,1800.0,74562.82,0.0,0.0,74562.81999999999
5002407,1866.0,74362.29999999999,0.0,0.0,74362.3
5002605,1448.0,54267.49,0.0,0.0,54267.49
5002704,66329.0,2626755.41,0.0,0.0,2626755.41
5002803,588.0,22010.92,0.0,0.0,22010.92
5002902,1873.0,71216.70000000001,0.0,0.0,71216.7
5002951,1984.0,78339.07,0.0,0.0,78339.07
5003108,358.0,13484.409999999998,0.0,0.0,13484.41
5003157,1873.0,69106.5,0.0,0.0,69106.5
5003207,7905.0,305375.48000000004,0.0,0.0,305375.48
5003256,3442.0,132322.43,0.0,0.0,132322.43
5003306,3865.0,151532.72999999998,0.0,0.0,151532.73
5003454,1010.0,38309.58,0.0,0.0,38309.58
5003488,933.0,36331.21,0.0,0.0,36331.21
5003504,366.0,14228.63,0.0,0.0,14228.63
5003702,14288.0,581422.07,0.0,0.0,581422.07
5003751,1216.0,46990.85,0.0,0.0,46990.85
5003801,1921.0,76388.68,0.0,0.0,76388.68
5003900,311.0,11138.92,0.0,0.0,11138.92
5004007,820.0,31671.899999999994,0.0,0.0,31671.9
5004106,1299.0,50243.62,0.0,0.0,50243.62
5004304,1130.0,44224.43,0.0,0.0,44224.43
5004403,385.0,14882.949999999999,0.0,0.0,14882.95
5004502,1119.0,43244.21,0.0,0.0,43244.21
5004601,1061.0,41776.740000000005,0.0,0.0,41776.74
5004700,1635.0,64234.69,0.0,0.0,64234.69
5004809,475.0,19647.840000000004,0.0,0.0,19647.84
5004908,294.0,10694.59,0.0,0.0,10694.59
5005004,2449.0,96950.45999999999,0.0,0.0,96950.46
5005103,281.0,10486.01,0.0,0.0,10486.01
5005152,642.0,24958.09,0.0,0.0,24958.09
5005202,1355.0,54049.2,0.0,0.0,54049.2
5005251,412.0,16745.49,0.0,0.0,16745.49
5005400,2378.0,96342.54,0.0,0.0,96342.54
5005608,2163.0,91241.19,0.0,0.0,91241.19
5005681,2150.0,82951.01,0.0,0.0,82951.01
5005707,5037.0,200712.65999999997,0.0,0.0,200712.66
5005806,1379.0,53967.86,0.0,0.0,53967.86
5006002,1878.0,75117.32999999999,0.0,0.0,75117.33
5006200,3766.0,150705.14,0.0,0.0,150705.14
5006259,286.0,10870.259999999998,0.0,0.0,10870.26
5006275,216.0,7987.68,0.0,0.0,7987.68
5006309,3479.0,135722.86,0.0,0.0,135722.86
5006358,1288.0,48489.0,0.0,0.0,48489.0
5006408,925.0,33682.07,0.0,0.0,33682.07
5006606,9654.0,367905.51999999996,0.0,0.0,367905.52
5006903,1240.0,48279.84999999999,0.0,0.0,48279.85
5007109,1272.0,51166.33,0.0,0.0,51166.33
5007208,2337.0,93788.94,0.0,0.0,93788.94
5007307,486.0,17734.339999999997,0.0,0.0,17734.34
5007406,2568.0,98428.23000000001,0.0,0.0,98428.23
5007505,440.0,17209.0,0.0,0.0,17209.0
5007695,1864.0,73742.55,0.0,0.0,73742.55
5007703,918.0,34377.479999999996,0.0,0.0,34377.48
5007901,2908.0,116310.57999999999,0.0,0.0,116310.58
5007935,1358.0,52957.78,0.0,0.0,52957.78
5007950,727.0,28843.9,0.0,0.0,28843.9
5007976,316.0,12133.84,0.0,0.0,12133.84
5008008,1239.0,47594.939999999995,0.0,0.0,47594.94
5008404,635.0,24786.58,0.0,0.0,24786.579999999998
5100102,589.0,21483.28,0.0,0.0,21483.28
5100201,889.0,34600.63,0.0,0.0,34600.63
5100250,2754.0,105051.07999999999,0.0,0.0,105051.08
5100300,1144.0,40168.96,0.0,0.0,40168.96
5100359,359.0,13607.5,0.0,0.0,13607.5
5100409,1081.0,39626.67,0.0,0.0,39626.67
5100508,729.0,25625.5,0.0,0.0,25625.5
5100607,565.0,20535.93,0.0,0.0,20535.93
5100805,548.0,19671.02,0.0,0.0,19671.02
5101001,249.0,8718.760000000002,0.0,0.0,8718.76
5101209,107.0,3294.3199999999993,0.0,0.0,3294.32
5101258,946.0,35406.44,0.0,0.0,35406.44
5101308,768.0,28668.71,0.0,0.0,28668.71
5101407,1024.0,39411.149999999994,0.0,0.0,39411.15
5101605,607.0,22032.61,0.0,0.0,22032.61
5101704,2232.0,82763.75,0.0,0.0,82763.75
5101803,5041.0,188213.81,0.0,0.0,188213.81
5101852,575.0,21132.46,0.0,0.0,21132.46
5101902,681.0,26129.879999999997,0.0,0.0,26129.88
5102504,7155.0,278773.31999999995,0.0,0.0,278773.32
5102603,581.0,20395.6,0.0,0.0,20395.6
5102637,1366.0,52563.689999999995,0.0,0.0,52563.69
5102678,1688.0,63709.63,0.0,0.0,63709.63
5102686,325.0,12194.809999999998,0.0,0.0,12194.81
5102694,293.0,10424.84,0.0,0.0,10424.84
5102702,788.0,30496.039999999994,0.0,0.0,30496.04
5102793,494.0,17660.019999999997,0.0,0.0,17660.02
5102850,426.0,15513.48,0.0,0.0,15513.48
5103007,1472.0,52912.78,0.0,0.0,52912.78
5103056,526.0,19049.84,0.0,0.0,19049.84
5103106,346.0,12984.939999999999,0.0,0.0,12984.94
5103205,1351.0,50606.159999999996,0.0,0.0,50606.159999999996
5103254,1468.0,52669.45,0.0,0.0,52669.45
5103304,1121.0,39109.82,0.0,0.0,39109.82
5103353,1828.0,69309.42000000001,0.0,0.0,69309.42
5103361,134.0,5266.7699999999995,0.0,0.0,5266.7699999999995
5103379,453.0,15595.239999999998,0.0,0.0,15595.24
5103403,33837.0,1337453.5699999998,0.0,0.0,1337453.57
5103437,378.0,13836.56,0.0,0.0,13836.56
5103452,629.0,23944.789999999997,0.0,0.0,23944.79
5103502,1058.0,40254.74,0.0,0.0,40254.74
5103601,660.0,23825.289999999997,0.0,0.0,23825.29
5103700,709.0,26861.109999999997,0.0,0.0,26861.11
5103809,112.0,4058.43,0.0,0.0,4058.43
5103858,592.0,21071.72,0.0,0.0,21071.72
5103908,430.0,15871.699999999997,0.0,0.0,15871.7
5103957,215.0,8154.529999999997,0.0,0.0,8154.53
5104104,1887.0,72137.5,0.0,0.0,72137.5
5104203,1283.0,43438.39,0.0,0.0,43438.39
5104500,156.0,5764.029999999999,0.0,0.0,5764.03
5104526,328.0,12755.65,0.0,0.0,12755.65
5104542,317.0,11289.11,0.0,0.0,11289.11
5104559,326.0,12161.82,0.0,0.0,12161.82
5104609,785.0,28913.559999999998,0.0,0.0,28913.56
5104807,1843.0,70556.59,0.0,0.0,70556.59
5104906,758.0,27595.07,0.0,0.0,27595.07
5105002,523.0,18531.260000000002,0.0,0.0,18531.26
5105101,1533.0,57575.01999999999,0.0,0.0,57575.02
5105150,2343.0,87054.03,0.0,0.0,87054.03
5105176,643.0,23717.33,0.0,0.0,23717.329999999998
5105200,661.0,23846.89,0.0,0.0,23846.89
5105234,426.0,16078.23,0.0,0.0,16078.23
5105259,2484.0,99891.95999999999,0.0,0.0,99891.95999999999
5105309,206.0,7755.549999999999,0.0,0.0,7755.55
5105507,720.0,29746.47,0.0,0.0,29746.47
5105580,842.0,30232.809999999998,0.0,0.0,30232.81
5105606,525.0,20302.02,0.0,0.0,20302.02
5105622,2123.0,82118.97,0.0,0.0,82118.97
5105903,1451.0,53586.11,0.0,0.0,53586.11
5106000,503.0,18351.420000000002,0.0,0.0,18351.42
5106109,708.0,23988.71,0.0,0.0,23988.71
5106158,618.0,23458.379999999997,0.0,0.0,23458.38
5106174,227.0,8690.99,0.0,0.0,8690.99
5106182,423.0,15832.739999999998,0.0,0.0,15832.74
5106190,198.0,7066.5599999999995,0.0,0.0,7066.5599999999995
5106208,339.0,11806.439999999999,0.0,0.0,11806.44
5106216,437.0,15612.81,0.0,0.0,15612.81
5106224,1308.0,52563.899999999994,0.0,0.0,52563.9
5106232,1057.0,40424.15,0.0,0.0,40424.15
5106240,269.0,10173.63,0.0,0.0,10173.63
5106257,1387.0,51616.719999999994,0.0,0.0,51616.72
5106265,260.0,9278.199999999999,0.0,0.0,9278.2
5106273,170.0,5975.679999999999,0.0,0.0,5975.68
5106281,482.0,17198.559999999998,0.0,0.0,17198.56
5106299,515.0,19330.17,0.0,0.0,19330.17
5106307,1103.0,39025.67999999999,0.0,0.0,39025.68
5106315,185.0,6618.110000000001,0.0,0.0,6618.11
5106372,1350.0,51169.299999999996,0.0,0.0,51169.299999999996
5106422,2387.0,89429.12999999999,0.0,0.0,89429.13
5106455,277.0,9169.82,0.0,0.0,9169.82
5106505,2845.0,108762.32,0.0,0.0,108762.31999999999
5106653,534.0,20153.78,0.0,0.0,20153.78
5106703,179.0,6161.489999999999,0.0,0.0,6161.49
5106752,2450.0,97347.08999999998,0.0,0.0,97347.09
5106778,831.0,31067.899999999998,0.0,0.0,31067.899999999998
5106802,206.0,7226.84,0.0,0.0,7226.84
5106828,620.0,21953.78,0.0,0.0,21953.78
5106851,199.0,6513.68,0.0,0.0,6513.68
5107008,1411.0,50425.20999999999,0.0,0.0,50425.21
5107040,3134.0,122324.12999999999,0.0,0.0,122324.13
5107065,973.0,37122.29,0.0,0.0,37122.29
5107107,1151.0,43715.44,0.0,0.0,43715.44
5107156,183.0,6192.4299999999985,0.0,0.0,6192.43
5107180,512.0,19341.54,0.0,0.0,19341.54
5107198,164.0,5564.73,0.0,0.0,5564.73
5107206,406.0,14852.759999999998,0.0,0.0,14852.76
5107248,275.0,10535.16,0.0,0.0,10535.16
5107263,223.0,8045.980000000001,0.0,0.0,8045.98
5107297,135.0,4632.530000000001,0.0,0.0,4632.53
5107305,1189.0,44732.84999999999,0.0,0.0,44732.85
5107354,516.0,19070.47,0.0,0.0,19070.47
5107404,315.0,11281.25,0.0,0.0,11281.25
5107578,142.0,5079.6900000000005,0.0,0.0,5079.69
5107602,13248.0,507349.89999999997,0.0,0.0,507349.89999999997
5107701,1437.0,53900.98999999999,0.0,0.0,53900.99
5107743,133.0,4580.499999999999,0.0,0.0,4580.5
5107750,217.0,7696.4,0.0,0.0,7696.4
5107768,117.0,4520.41,0.0,0.0,4520.41
5107776,433.0,15354.67,0.0,0.0,15354.67
5107792,223.0,8317.6,0.0,0.0,8317.6
5107800,1129.0,42177.53,0.0,0.0,42177.53
5107859,597.0,21695.17,0.0,0.0,21695.17
5107875,971.0,38725.61,0.0,0.0,38725.61
5107883,105.0,3693.41,0.0,0.0,3693.41
5107909,6683.0,262244.27,0.0,0.0,262244.27
5107925,3275.0,130128.75,0.0,0.0,130128.75
5107941,411.0,15164.519999999999,0.0,0.0,15164.52
5107958,5146.0,200290.59999999998,0.0,0.0,200290.6
5108006,465.0,18381.68,0.0,0.0,18381.68
5108055,399.0,14383.07,0.0,0.0,14383.07
5108105,267.0,8625.26,0.0,0.0,8625.26
5108204,372.0,12739.189999999999,0.0,0.0,12739.19
5108303,265.0,9417.279999999999,0.0,0.0,9417.28
5108352,161.0,5531.42,0.0,0.0,5531.42
5108402,21479.0,847003.6299999999,0.0,0.0,847003.63
5108501,477.0,18088.79,0.0,0.0,18088.79
5108600,897.0,34005.57,0.0,0.0,34005.57
5108808,236.0,8253.55,0.0,0.0,8253.55
5108857,190.0,6955.38,0.0,0.0,6955.38
5108907,291.0,10985.39,0.0,0.0,10985.39
5108956,504.0,18886.9,0.0,0.0,18886.9
9999999,21.0,564.23,0.0,0.0,564.23
3104106,375.0,10593.46,-30.43,1.0,10563.03
3132909,653.0,17825.730000000003,-48.400000000000006,2.0,17777.33
3143203,1401.0,37918.91,-15.3,1.0,37903.61
3500550,358.0,9979.52,0.0,0.0,9979.52
3500758,278.0,7708.799999999999,0.0,0.0,7708.8
3502903,1361.0,40497.22,-103.12,3.0,40394.100000000006
3503109,369.0,10127.86,0.0,0.0,10127.86
3505708,23612.0,611475.01,-4778.120000000001,221.0,606696.8899999999
3506300,671.0,18817.35,0.0,0.0,18817.35
3507001,2381.0,73150.65,-228.04000000000002,7.0,72922.61000000002
3508702,951.0,26609.47,0.0,0.0,26609.47
3509205,6771.0,178782.16999999998,-710.43,28.0,178071.74
3509601,2561.0,77514.79,-276.0,8.0,77238.79
3510153,361.0,10302.3,0.0,0.0,10302.300000000001
3510302,1551.0,45950.729999999996,-35.14,1.0,45915.590000000004
3510609,31010.0,812057.7499999999,-2923.8,139.0,809133.95
3510807,1105.0,31848.0,-33.1,1.0,31814.9
3511409,754.0,20711.78,0.0,0.0,20711.78
3513009,15826.0,407666.2,-2333.21,98.0,405332.99
3513504,3752.0,111042.65000000001,-185.01,5.0,110857.64000000001
3513801,30818.0,812935.6200000001,-2252.21,90.0,810683.41
3513900,474.0,13467.340000000002,0.0,0.0,13467.34
3515004,23820.0,614993.9,-2769.7699999999995,117.0,612224.1299999999
3515103,4387.0,113165.68,-143.34,10.0,113022.34
3515194,185.0,5031.64,0.0,0.0,5031.64
3518503,530.0,14366.670000000002,-15.3,1.0,14351.37
3519253,337.0,9204.150000000001,0.0,0.0,9204.15
3520509,4799.0,151651.58,-191.31,6.0,151460.27000000002
3520905,815.0,23081.14,0.0,0.0,23081.14
3521002,1584.0,48433.94999999999,-135.32,4.0,48298.63
3522208,15394.0,393651.49,-1864.9500000000003,81.0,391786.54
3522307,7130.0,197881.76,-216.15,7.0,197665.61000000002
3522505,18498.0,476201.4099999999,-2361.83,99.0,473839.57999999996
3523800,331.0,9571.5,0.0,0.0,9571.5
3524006,1206.0,37779.479999999996,-93.16,2.0,37686.32
3525003,6480.0,167496.63999999996,-756.6899999999998,33.0,166739.94999999998
3525904,4129.0,127468.36,-168.4,6.0,127299.96
3526209,3466.0,85261.48,-350.94,17.0,84910.54000000001
3527306,1105.0,34734.49999999999,-120.38,4.0,34614.12
3528601,407.0,11181.560000000001,0.0,0.0,11181.56
3529401,23509.0,616711.9,-1904.3200000000002,72.0,614807.58
3530508,2188.0,63444.149999999994,-48.400000000000006,2.0,63395.75
3533809,146.0,3579.3999999999996,-14.86,1.0,3564.54
3534401,47708.0,1262092.9799999997,-6155.289999999999,274.0,1255937.69
3534708,4209.0,120308.3,-98.85999999999999,4.0,120209.44
3537107,993.0,28300.160000000003,0.0,0.0,28300.16
3538808,1532.0,42775.56,-33.1,1.0,42742.46
3539103,1725.0,43946.02999999999,-201.10000000000002,11.0,43744.93
3540606,1437.0,44121.73999999999,-70.28,2.0,44051.46000000001
3543303,5665.0,154756.28999999998,-542.3299999999999,20.0,154213.96
3544103,3786.0,100955.72,-333.34,12.0,100622.37999999999
3545209,2862.0,90221.97999999998,-70.28,2.0,90151.7
3545308,2133.0,64080.36,-70.28,2.0,64010.08
3546405,1626.0,46058.54000000001,-27.86,1.0,46030.68
3547304,7875.0,207170.15999999997,-657.52,34.0,206512.63999999998
3547809,38896.0,1033821.3699999999,-5116.790000000001,187.0,1028704.5800000001
3548708,45496.0,1206852.66,-4318.33,166.0,1202534.3299999998
3548807,4009.0,110649.78,-226.56,10.0,110423.22
3549706,2039.0,59627.76000000001,-66.2,2.0,59561.56
3549953,1758.0,45782.23,-20.68,2.0,45761.55
3550209,1348.0,36082.97,-15.3,1.0,36067.67
3550308,769644.0,20077617.620000005,-109113.66999999998,4602.0,19968503.95
3550506,448.0,12157.12,0.0,0.0,12157.12
3550803,315.0,8484.89,0.0,0.0,8484.89
3551009,11107.0,340751.63,-760.24,23.0,339991.39
3551108,436.0,11620.34,0.0,0.0,11620.34
3551207,277.0,7345.82,0.0,0.0,7345.82
3552205,21924.0,677291.49,-1618.3799999999999,47.0,675673.11
3552809,22501.0,585725.7000000001,-1866.5800000000002,82.0,583859.12
3553005,656.0,17716.719999999998,0.0,0.0,17716.72
3553609,472.0,13208.310000000001,-62.41,2.0,13145.9
3554201,223.0,5886.82,0.0,0.0,5886.82
3554607,167.0,4431.039999999999,0.0,0.0,4431.04
3555505,207.0,5851.82,0.0,0.0,5851.82
3556453,2174.0,57830.6,-29.18,2.0,57801.42
3556503,2611.0,79445.85,-90.36,3.0,79355.49
3556701,1353.0,42869.34,0.0,0.0,42869.34
3557006,3096.0,94024.97,-333.36,8.0,93691.61
3557204,658.0,18225.59,-29.65,1.0,18195.94
4102703,175.0,4854.58,0.0,0.0,4854.58
4111803,2374.0,65126.54,-317.39,12.0,64809.15
4121802,620.0,16513.100000000002,-94.17,4.0,16418.93
4201109,122.0,4215.839999999999,0.0,0.0,4215.84
4211207,289.0,9259.58,0.0,0.0,9259.58
4214904,13.0,336.27,0.0,0.0,336.27
4215455,257.0,6786.889999999999,-173.01999999999998,6.0,6613.87
4215604,9.0,308.94,0.0,0.0,308.94
4218400,143.0,4358.17,-31.6,1.0,4326.57
4300406,5099.0,155080.3,-1343.08,39.0,153737.21999999997
4300570,30.0,837.2699999999999,0.0,0.0,837.27
4300661,39.0,1056.7299999999998,0.0,0.0,1056.73
4300802,218.0,6780.6,-18.7,1.0,6761.9
4300877,408.0,12917.160000000002,0.0,0.0,12917.16
4300901,111.0,3200.3800000000006,0.0,0.0,3200.38
4301552,62.0,1744.4099999999999,0.0,0.0,1744.4099999999999
4301701,150.0,4508.65,0.0,0.0,4508.65
4301800,281.0,7894.450000000001,-32.91,1.0,7861.54
4301859,135.0,3901.2000000000003,-32.31,1.0,3868.89
4301875,345.0,11176.83,-33.87,1.0,11142.96
4301925,18.0,502.21000000000004,0.0,0.0,502.21
4301958,45.0,1459.95,0.0,0.0,1459.95
4302055,78.0,2304.94,0.0,0.0,2304.94
4302105,1879.0,56402.64,-295.65000000000003,10.0,56106.99
4302204,152.0,4715.77,0.0,0.0,4715.7699999999995
4302303,1010.0,27867.679999999997,-608.24,28.0,27259.440000000002
4302352,150.0,4555.33,0.0,0.0,4555.33
4302378,190.0,5591.26,-58.25,2.0,5533.01
4302600,262.0,7636.34,-60.95,2.0,7575.389999999999
4302659,84.0,2623.1500000000005,0.0,0.0,2623.15
4302808,2578.0,70958.2,-498.23999999999995,28.0,70459.96
4302907,1283.0,38089.590000000004,-122.31,5.0,37967.28
4303103,6356.0,198445.35,-3133.6899999999996,94.0,195311.66
4303202,191.0,5662.6,0.0,0.0,5662.6
4303558,50.0,1479.9300000000003,0.0,0.0,1479.93
4303608,329.0,9260.7,-31.65,1.0,9229.05
4303673,75.0,2045.1699999999998,-19.92,1.0,2025.25
4303806,204.0,5965.560000000001,-107.39999999999999,3.0,5858.16
4303905,1469.0,46773.479999999996,-154.97,5.0,46618.509999999995
4304002,446.0,13537.460000000001,-27.37,1.0,13510.09
4304408,1832.0,57403.270000000004,-436.58000000000004,14.0,56966.689999999995
4304606,17352.0,520822.73,-7909.280000000001,244.0,512913.44999999995
4304622,87.0,2438.9,0.0,0.0,2438.9
4304655,125.0,3859.0299999999997,0.0,0.0,3859.0299999999997
4304689,724.0,21716.83,-98.47,8.0,21618.359999999997
4304853,21.0,556.94,0.0,0.0,556.94
4305108,10845.0,325961.7,-953.9,36.0,325007.8
4305116,48.0,1251.4699999999998,-86.7,3.0,1164.77
4305371,7.0,197.51999999999998,0.0,0.0,197.51999999999998
4305801,354.0,10833.880000000001,-19.19,1.0,10814.69
4305959,40.0,1054.46,0.0,0.0,1054.46
4305975,116.0,3576.2499999999995,0.0,0.0,3576.25
4306007,351.0,10512.54,-104.99,3.0,10407.55
4306130,29.0,762.9999999999999,0.0,0.0,763.0
4306205,261.0,7922.42,0.0,0.0,7922.42
4306320,67.0,1921.51,-11.73,1.0,1909.78
4306379,208.0,6026.470000000001,0.0,0.0,6026.47
4306403,380.0,12033.1,0.0,0.0,12033.1
4306759,32.0,842.0899999999999,0.0,0.0,842.0899999999999
4306924,47.0,1392.3299999999997,-18.05,1.0,1374.28
4306957,153.0,4224.14,-11.73,1.0,4212.41
4306973,248.0,6820.009999999999,-1099.71,26.0,5720.3
4307005,2971.0,90508.70000000001,-324.96,12.0,90183.73999999999
4307203,278.0,7759.4800000000005,-608.5999999999999,17.0,7150.88
4307302,303.0,9071.09,0.0,0.0,9071.09
4307401,201.0,5376.33,-30.39,1.0,5345.94
4307450,115.0,3199.8500000000004,0.0,0.0,3199.85
4307609,1337.0,42456.770000000004,-190.07999999999998,6.0,42266.69
4307708,3461.0,106399.97000000002,-1451.62,41.0,104948.35
4307807,873.0,26842.39,-1109.7999999999997,31.0,25732.59
4307831,144.0,4122.549999999999,0.0,0.0,4122.55
4307864,6.0,194.64,0.0,0.0,194.64
4308052,114.0,3269.0400000000004,0.0,0.0,3269.04
4308102,175.0,5271.880000000001,0.0,0.0,5271.88
4308201,433.0,13048.74,-31.59,1.0,13017.15
4308409,435.0,13377.12,0.0,0.0,13377.119999999999
4308607,312.0,9686.3,-11.73,1.0,9674.57
4308656,175.0,5124.420000000001,0.0,0.0,5124.42
4308706,134.0,3952.6,0.0,0.0,3952.6
4308904,529.0,15835.609999999999,-11.73,1.0,15823.88
4309050,430.0,11542.32,-1129.1399999999999,34.0,10413.18
4309100,795.0,24615.61,-125.33000000000001,4.0,24490.28
4309209,12451.0,380444.93,-2212.6299999999997,74.0,378232.3
4309258,17.0,486.32000000000005,-28.58,1.0,457.74
4309407,509.0,15794.050000000003,0.0,0.0,15794.05
4309555,59.0,1807.73,0.0,0.0,1807.73
4309571,45.0,1310.0099999999998,0.0,0.0,1310.01
4309704,117.0,3449.1200000000003,-11.73,1.0,3437.39
4309753,96.0,3008.51,0.0,0.0,3008.5099999999998
4309902,168.0,5160.889999999999,-26.41,1.0,5134.48
4310363,33.0,987.5199999999999,0.0,0.0,987.52
4310439,91.0,2700.93,-71.18,2.0,2629.75
4310462,12.0,340.59000000000003,0.0,0.0,340.59000000000003
4310538,280.0,8327.46,0.0,0.0,8327.46
4310553,238.0,6772.42,-11.73,1.0,6760.69
4310603,2921.0,90196.02,-107.39999999999999,3.0,90088.62
4310702,124.0,3472.3200000000006,0.0,0.0,3472.3199999999997
4310801,323.0,10246.23,-71.6,2.0,10174.63
4311106,608.0,18386.879999999997,-172.21,6.0,18214.67
4311122,318.0,8956.16,-44.58,2.0,8911.58
4311304,1574.0,45744.149999999994,-110.1,4.0,45634.049999999996
4311627,186.0,5924.970000000001,0.0,0.0,5924.969999999999
4311643,15.0,476.76000000000005,0.0,0.0,476.76
4311700,231.0,6121.610000000001,-136.51999999999998,4.0,5985.09
4311718,342.0,10053.08,-83.33,3.0,9969.75
4311759,566.0,16613.0,-31.400000000000002,2.0,16581.6
4311791,47.0,1205.2999999999997,0.0,0.0,1205.3
4311908,125.0,3746.06,0.0,0.0,3746.06
4312005,60.0,1664.9099999999999,0.0,0.0,1664.9099999999999
4312104,330.0,9641.619999999999,0.0,0.0,9641.619999999999
4312153,135.0,4212.780000000001,-31.23,1.0,4181.55
4312203,238.0,6789.48,-23.46,2.0,6766.0199999999995
4312377,136.0,3544.8199999999993,-28.990000000000002,2.0,3515.83
4312385,6.0,171.48,0.0,0.0,171.48
4312476,77.0,2288.14,0.0,0.0,2288.14
4312609,93.0,2713.17,0.0,0.0,2713.17
4312617,130.0,3570.05,-35.8,1.0,3534.25
4312807,53.0,1639.6699999999998,0.0,0.0,1639.67
4312955,8.0,267.02,0.0,0.0,267.02
4313003,28.0,859.4699999999999,0.0,0.0,859.47
4313011,18.0,590.0699999999999,0.0,0.0,590.0699999999999
4313037,221.0,6809.120000000001,0.0,0.0,6809.12
4313060,976.0,30564.280000000002,-306.5,9.0,30257.78
4313086,8.0,224.83999999999997,0.0,0.0,224.84
4313201,246.0,7526.6,-35.8,1.0,7490.8
4313300,527.0,16360.27,-35.8,1.0,16324.47
4313359,10.0,275.7,0.0,0.0,275.7
4313375,2094.0,65296.490000000005,-508.9500000000001,15.0,64787.54
4313409,8908.0,278051.61000000004,-2528.87,79.0,275522.74
4313466,28.0,735.39,0.0,0.0,735.39
4313607,138.0,3931.67,0.0,0.0,3931.67
4314035,78.0,2503.21,0.0,0.0,2503.21
4314050,3259.0,101651.05000000002,-714.0199999999998,23.0,100937.03
4314134,26.0,810.5799999999999,0.0,0.0,810.5799999999999
4314423,48.0,1388.2099999999996,-11.73,1.0,1376.48
4314464,82.0,2255.88,0.0,0.0,2255.88
4314548,8.0,233.8,0.0,0.0,233.8
4314787,17.0,478.15999999999997,0.0,0.0,478.15999999999997
4314803,1584.0,51352.93000000001,-11.73,1.0,51341.2
4315057,83.0,2438.7700000000004,-35.8,1.0,2402.97
4315149,44.0,1330.01,0.0,0.0,1330.01
4315172,13.0,395.46,0.0,0.0,395.46
4315305,2473.0,74798.79000000001,-97.58,3.0,74701.21
4315313,70.0,2015.8899999999996,0.0,0.0,2015.8899999999999
4315321,133.0,3871.28,0.0,0.0,3871.2799999999997
4315552,124.0,3578.51,0.0,0.0,3578.5099999999998
4315750,128.0,3523.7100000000005,-46.39,2.0,3477.3199999999997
4315800,260.0,7649.16,-31.95,1.0,7617.209999999999
4316006,820.0,25033.020000000004,-35.8,1.0,24997.219999999998
4316204,139.0,4210.7,-119.29999999999998,4.0,4091.3999999999996
4316402,3447.0,106005.1,-22.8,1.0,105982.3
4316436,79.0,2442.2099999999996,0.0,0.0,2442.21
4316956,56.0,1731.8400000000001,0.0,0.0,1731.84
4317004,757.0,20186.72,0.0,0.0,20186.72
4317103,7410.0,222861.68000000002,-225.41000000000003,8.0,222636.27
4317251,7.0,208.70999999999998,0.0,0.0,208.70999999999998
4317400,2739.0,82557.54000000001,-553.6800000000001,29.0,82003.86
4317558,24.0,736.0,0.0,0.0,736.0
4318002,4201.0,131543.66,-214.8,6.0,131328.86
4318101,1404.0,41364.3,-95.74,3.0,41268.56
4318309,4334.0,130327.84000000001,-910.1800000000001,27.0,129417.65999999999
4318440,24.0,724.17,0.0,0.0,724.17
4318457,146.0,4109.0,-65.1,2.0,4043.9
4318481,25.0,810.47,0.0,0.0,810.47
4318606,222.0,6302.59,-33.08,2.0,6269.51
4318614,32.0,982.8,0.0,0.0,982.8
4318622,210.0,6135.200000000001,-35.8,1.0,6099.4
4318705,10814.0,320174.97,-6413.77,213.0,313761.19999999995
4319000,322.0,9571.050000000001,0.0,0.0,9571.05
4319109,160.0,4880.27,-35.8,1.0,4844.47
4319125,208.0,5960.74,-32.79,1.0,5927.95
4319208,614.0,17855.86,-56.43,2.0,17799.43
4319364,79.0,2228.17,-24.49,1.0,2203.68
4319406,1206.0,36262.73,-54.33,1.0,36208.4
4319505,1011.0,30201.63,-412.33,11.0,29789.3
4319703,78.0,2214.8700000000003,-30.15,1.0,2184.72
4319752,11.0,341.76,0.0,0.0,341.76
4319802,607.0,18410.949999999997,-35.44,1.0,18375.51
4319901,3922.0,125143.11,-689.9399999999998,20.0,124453.17
4320008,6641.0,203182.38999999998,-1823.9599999999998,53.0,201358.43
4320107,1106.0,35184.950000000004,-85.15,2.0,35099.799999999996
4320230,160.0,4871.52,0.0,0.0,4871.5199999999995
4320404,227.0,6913.200000000001,-65.28,2.0,6847.92
4320578,41.0,1208.0899999999997,0.0,0.0,1208.09
4320602,59.0,1712.6399999999999,0.0,0.0,1712.6399999999999
4320677,188.0,5079.609999999999,-25.21,1.0,5054.4
4321402,577.0,17262.37,-299.21999999999997,9.0,16963.149999999998
4321477,131.0,3621.46,-30.69,1.0,3590.77
4321493,68.0,1889.26,0.0,0.0,1889.26
4321634,19.0,542.44,0.0,0.0,542.44
4321709,649.0,19831.260000000002,-321.59000000000003,11.0,19509.67
4321857,181.0,5281.200000000001,-35.8,1.0,5245.4
4321907,1006.0,31716.43,-83.33,3.0,31633.1
4322103,182.0,5735.160000000002,-71.6,2.0,5663.5599999999995
4322186,58.0,1617.9499999999998,0.0,0.0,1617.95
4322376,124.0,3484.09,0.0,0.0,3484.09
4322400,7500.0,232107.35000000003,-3113.3199999999997,88.0,228994.02999999997
4322509,3042.0,92374.12,-449.7900000000001,14.0,91924.33
4322533,138.0,4007.74,0.0,0.0,4007.74
4322541,81.0,2374.4799999999996,-31.83,1.0,2342.65
4322558,35.0,1045.34,0.0,0.0,1045.34
4322707,1068.0,33645.86,-48.73,2.0,33597.13
4322806,334.0,10227.279999999999,-73.17,3.0,10154.11
4322855,11.0,290.17999999999995,0.0,0.0,290.18
4322905,133.0,3835.49,-28.58,1.0,3806.91
4323309,34.0,1082.83,0.0,0.0,1082.83
4323606,17.0,479.15000000000003,0.0,0.0,479.15
4323705,67.0,1969.06,0.0,0.0,1969.06
5300108,101361.0,3354571.48,0.0,0.0,3354571.48
2900108,1514.0,49943.0,-60.08,3.0,49882.92
2900207,2149.0,75533.72,-287.31,8.0,75246.41
2900306,2403.0,72469.89,-107.63000000000001,4.0,72362.26
2900355,2632.0,77763.73000000001,-146.91000000000003,6.0,77616.82
2900405,2528.0,71632.05,-150.86,6.0,71481.19
2900504,1330.0,43658.090000000004,-108.53999999999999,3.0,43549.55
2900603,598.0,19411.25,-39.82,1.0,19371.43
2900702,22483.0,746003.88,-5502.54,188.0,740501.3400000001
2900801,2771.0,90316.26000000001,-1305.78,45.0,89010.48
2900900,972.0,30375.5,0.0,0.0,30375.5
2901007,5854.0,183637.09999999998,-1098.6799999999998,40.0,182538.41999999998
2901106,3307.0,106016.8,-529.1800000000001,19.0,105487.62
2901155,2496.0,82030.48,-409.18000000000006,11.0,81621.29999999999
2901205,4419.0,137936.59,-239.66,9.0,137696.93
2901304,2133.0,62933.91,-343.82000000000005,15.0,62590.09
2901353,2428.0,71926.98999999999,-137.74,6.0,71789.25
2901403,2037.0,63226.259999999995,-523.43,22.0,62702.83
2901502,1167.0,35997.149999999994,-39.85,2.0,35957.3
2901601,1890.0,58335.36000000001,-166.51,7.0,58168.85
2901700,1516.0,52200.229999999996,-494.77000000000004,18.0,51705.46
2901809,1634.0,50922.81,-324.90999999999997,9.0,50597.9
2901908,2383.0,71047.23000000001,-104.62,4.0,70942.61
2901957,1159.0,36444.29,0.0,0.0,36444.29
2902005,2325.0,73174.7,-152.96,4.0,73021.74
2902054,1775.0,62145.3,-136.59,4.0,62008.71000000001
2902104,8141.0,235026.57,-296.0,15.0,234730.57
2902203,2141.0,67956.0,-338.69,14.0,67617.31
2902252,1198.0,35711.25,-188.84,7.0,35522.409999999996
2902302,1154.0,34617.380000000005,-178.20999999999998,5.0,34439.17
2902401,1735.0,55445.33,-279.59000000000003,7.0,55165.74
2902500,2209.0,66025.84,0.0,0.0,66025.84
2902609,3015.0,88620.15,-194.57,11.0,88425.57999999999
2902658,1778.0,62872.89,-259.57,8.0,62613.31999999999
2902708,7653.0,246548.81,-301.64,11.0,246247.16999999998
2902807,3863.0,128563.05,-173.38,5.0,128389.66999999998
2902906,5639.0,180365.13,-781.78,26.0,179583.34999999998
2903003,2276.0,70470.14000000001,-471.01,14.0,69999.13
2903102,898.0,29854.82,-90.21,5.0,29764.61
2903201,15716.0,554516.1599999999,-5693.19,186.0,548822.97
2903235,2479.0,77904.38,-141.9,5.0,77762.48000000001
2903276,2386.0,74515.88,-189.88,8.0,74326.0
2903300,993.0,31987.750000000004,-77.13,5.0,31910.62
2903409,2652.0,84739.76999999999,-251.66000000000003,10.0,84488.11
2903508,3222.0,102651.61,-286.76,10.0,102364.85
2903607,3005.0,84463.84999999999,-144.05,7.0,84319.79999999999
2903706,2403.0,71581.52,-103.38,3.0,71478.14000000001
2903805,3124.0,89751.65,-393.77000000000004,20.0,89357.88
2903904,9631.0,335161.51999999996,-3152.66,105.0,332008.86
2903953,1828.0,53470.71000000001,-41.39,2.0,53429.32
2904001,2051.0,68879.45,-629.0,17.0,68250.45
2904050,2962.0,107142.49,-492.1,14.0,106650.39
2904100,3434.0,99095.29999999999,-204.28999999999996,9.0,98891.01
2904209,1755.0,53600.46,-37.47,1.0,53562.99
2904308,2370.0,66157.23999999999,-88.58999999999999,6.0,66068.65
2904407,1559.0,48169.48999999999,-68.84,3.0,48100.649999999994
2904506,2043.0,59721.27,-45.15,1.0,59676.12
2904605,7897.0,266487.6,-1410.23,56.0,265077.37
2904704,2344.0,71980.77,-132.81,9.0,71847.95999999999
2904753,3697.0,107747.81999999999,-297.38,10.0,107450.44
2904803,956.0,30626.15,-37.07,1.0,30589.08
2904852,1636.0,52753.25,-86.82,3.0,52666.43
2904902,3570.0,121020.48,-226.10000000000002,7.0,120794.38
2905008,2429.0,78541.12,-260.71,6.0,78280.41
2905107,1928.0,57457.71,-290.4,9.0,57167.31
2905156,2312.0,73884.47,-63.55,2.0,73820.92
2905206,7089.0,222634.66,-269.05,10.0,222365.61
2905305,2884.0,86784.86,-217.33999999999997,8.0,86567.51999999999
2905404,1437.0,49635.090000000004,-255.20999999999998,7.0,49379.880000000005
2905503,2043.0,58612.5,-89.42,5.0,58523.08
2905602,3184.0,100774.48,-665.7,20.0,100108.78
2905701,30380.0,1025769.65,-9537.57,356.0,1016232.0800000001
2905800,3218.0,104089.15999999999,-562.97,22.0,103526.19
2905909,3237.0,96047.82999999999,-263.78000000000003,7.0,95784.05
2906006,11731.0,365660.58,-1001.93,30.0,364658.65
2906105,1642.0,45651.229999999996,0.0,0.0,45651.229999999996
2906204,3519.0,113989.01,-460.68000000000006,13.0,113528.33000000002
2906303,4794.0,148886.56,-885.3000000000001,27.0,148001.26
2906402,1234.0,36622.96,0.0,0.0,36622.96
2906501,8789.0,294195.43,-1783.9999999999995,79.0,292411.43
2906600,2060.0,64303.91,-40.7,1.0,64263.21000000001
2906709,4718.0,148424.24,-775.56,35.0,147648.68
2906808,6534.0,197406.6,-751.8399999999999,26.0,196654.76
2906824,2270.0,70769.36,-225.58999999999997,7.0,70543.77
2906857,1859.0,56830.11,-66.95,4.0,56763.16
2906873,4512.0,140433.53,-308.84999999999997,9.0,140124.68
2906899,1682.0,52595.56,-86.19999999999999,3.0,52509.36
2906907,2495.0,83385.90000000001,-247.46999999999997,14.0,83138.43
2907004,1490.0,45165.3,-257.7,7.0,44907.600000000006
2907103,4978.0,155530.38999999998,-519.42,17.0,155010.97
2907202,9311.0,299222.14999999997,-1541.48,90.0,297680.67
2907301,3749.0,119678.38999999998,-207.15,8.0,119471.24
2907400,537.0,15767.02,0.0,0.0,15767.02
2907509,6498.0,214711.83,-867.55,25.0,213844.28000000003
2907558,1202.0,37019.84,-45.12,1.0,36974.72
2907608,2630.0,84210.2,-456.47,14.0,83753.73
2907707,1437.0,44917.52,-353.10999999999996,9.0,44564.41
2907806,4627.0,138761.01,-179.21,9.0,138581.8
2907905,2732.0,89636.57,-197.09000000000003,7.0,89439.48000000001
2908002,3045.0,96184.26000000001,-169.48999999999998,4.0,96014.76999999999
2908101,2877.0,90873.03,0.0,0.0,90873.03
2908200,2706.0,87852.1,-633.3100000000001,19.0,87218.79000000001
2908309,2273.0,73569.56,-412.49,11.0,73157.06999999999
2908408,10938.0,343251.70000000007,-902.1599999999999,46.0,342349.54000000004
2908507,4570.0,152844.12,-566.33,16.0,152277.79
2908606,3689.0,113405.45,-916.9499999999998,38.0,112488.5
2908705,2875.0,93985.85,-114.09,3.0,93871.76000000001
2908804,603.0,20560.199999999997,-61.379999999999995,2.0,20498.82
2908903,4365.0,138024.17,-800.65,33.0,137223.52
2909000,1268.0,41122.93,-102.09,3.0,41020.84
2909109,2646.0,80508.3,0.0,0.0,80508.29999999999
2909208,2602.0,76389.81,-126.64,5.0,76263.17
2909307,4320.0,131032.01000000001,-745.1099999999999,32.0,130286.9
2909406,1879.0,57666.09,-153.61,8.0,57512.479999999996
2909505,694.0,20847.54,-198.76999999999998,6.0,20648.77
2909604,3922.0,118024.31999999999,-116.63,3.0,117907.69
2909703,2150.0,64393.38,-111.39,6.0,64281.99
2909802,6879.0,230415.95,-760.46,25.0,229655.49
2909901,4168.0,146867.76,-592.6899999999999,27.0,146275.07
2910008,1911.0,58250.64,-90.3,3.0,58160.340000000004
2910057,7587.0,244301.15000000002,-1371.85,40.0,242929.3
2910107,1744.0,58153.0,-36.4,1.0,58116.600000000006
2910206,590.0,19215.22,0.0,0.0,19215.22
2910305,1251.0,37985.79,0.0,0.0,37985.79
2910404,3044.0,90863.93,-114.56,5.0,90749.37
2910503,4624.0,146427.09999999998,-204.62,7.0,146222.47999999998
2910602,4479.0,139251.01,-316.69,12.0,138934.32
2910701,10666.0,333864.97,-377.48,14.0,333487.49
2910727,13759.0,473198.62,-2897.77,100.0,470300.85
2910750,3538.0,106744.65,-128.39,6.0,106616.26
2910776,944.0,29145.71,-184.06,12.0,28961.65
2910800,73686.0,2498141.9,-18222.08,640.0,2479919.8200000003
2910859,3379.0,122948.89000000001,-924.3599999999999,29.0,122024.53
2910909,775.0,24710.940000000002,0.0,0.0,24710.940000000002
2911006,1468.0,45939.700000000004,-173.52,6.0,45766.18
2911105,3194.0,105497.44,-142.53,4.0,105354.91
2911204,3684.0,120489.59999999999,-85.28999999999999,3.0,120404.31
2911253,1044.0,31730.949999999997,0.0,0.0,31730.949999999997
2911303,1696.0,53560.479999999996,-242.81,7.0,53317.67
2911402,2010.0,67724.40999999999,-368.5,17.0,67355.91
2911501,1014.0,32484.309999999998,-38.96,2.0,32445.35
2911600,2798.0,89985.68000000001,-161.7,5.0,89823.98
2911659,1137.0,35988.89,0.0,0.0,35988.89
2911709,12523.0,411193.19999999995,-2661.2700000000004,87.0,408531.93000000005
2911808,2579.0,75230.22,-368.8,15.0,74861.42
2911857,2419.0,73433.16999999998,-60.97,3.0,73372.20000000001
2911907,4695.0,145366.58000000002,-1158.43,72.0,144208.15
2912004,1479.0,48647.6,0.0,0.0,48647.6
2912103,4688.0,147754.65999999997,-612.37,21.0,147142.29
2912202,2764.0,92708.83,-123.42999999999999,4.0,92585.4
2912301,2740.0,86380.95999999999,0.0,0.0,86380.96
2912400,2552.0,87893.16,-85.31,2.0,87807.85
2912509,2089.0,65417.06,-54.959999999999994,3.0,65362.1
2912608,655.0,18084.75,-103.3,7.0,17981.45
2912707,2080.0,62738.22,-159.13,10.0,62579.09
2912806,1028.0,35194.5,-526.9300000000001,14.0,34667.57
2912905,2586.0,79758.54999999999,-266.63,8.0,79491.92
2913002,2314.0,71285.94,-131.78,6.0,71154.16
2913101,3015.0,103465.79000000001,-154.07,8.0,103311.72
2913200,4239.0,138770.03000000003,-1083.0,43.0,137687.03
2913309,971.0,29970.64,-36.01,1.0,29934.63
2913408,2451.0,77762.26,-194.53,6.0,77567.73000000001
2913457,1096.0,33383.81,-124.72,5.0,33259.09
2913507,3905.0,120165.73000000001,-230.72,10.0,119935.01000000001
2913606,16909.0,570214.31,-6281.93,255.0,563932.38
2913705,5097.0,148912.02,-722.9599999999999,25.0,148189.06
2913804,1678.0,49995.380000000005,-178.06,9.0,49817.32
2913903,6121.0,203102.82,-481.65000000000003,14.0,202621.16999999998
2914000,9394.0,282448.58,-3370.4699999999993,167.0,279078.11
2914109,1797.0,56318.17999999999,0.0,0.0,56318.17999999999
2914208,969.0,28035.87,-8.36,1.0,28027.510000000002
2914307,1651.0,47652.13,-134.48,6.0,47517.649999999994
2914406,4385.0,135888.57,-677.39,25.0,135211.18
2914505,5748.0,187169.68,-886.47,25.0,186283.21000000002
2914604,10640.0,374972.16000000003,-2545.5699999999997,80.0,372426.58999999997
2914653,4006.0,134923.61,-697.1199999999999,28.0,134226.49
2914703,11370.0,367965.36000000004,-2647.56,139.0,365317.80000000005
2914802,28035.0,939612.0800000001,-10551.24,354.0,929060.8400000001
2914901,1616.0,52931.13,-187.04,8.0,52744.09
2915007,2576.0,76122.41999999998,-328.71000000000004,12.0,75793.70999999999
2915106,2127.0,63972.61000000001,-92.93,3.0,63879.68
2915205,1992.0,65996.43000000001,0.0,0.0,65996.43000000001
2915304,919.0,29558.39,-72.99000000000001,2.0,29485.4
2915353,2440.0,78162.87000000001,-428.74999999999994,16.0,77734.12
2915403,750.0,23582.61,-75.9,2.0,23506.71
2915502,2841.0,91237.52,-314.0,11.0,90923.51999999999
2915601,7469.0,250544.74000000002,-1634.75,55.0,248909.99
2915700,1276.0,36630.46,-568.09,28.0,36062.37
2915809,2897.0,96557.29,-71.62,2.0,96485.67
2915908,758.0,22761.96,-247.89,6.0,22514.07
2916005,2160.0,71262.94,-236.86999999999998,9.0,71026.06999999999
2916104,2115.0,64243.979999999996,-65.1,4.0,64178.88
2916203,1531.0,49109.89,-41.9,1.0,49067.99
2916302,1496.0,46958.36,0.0,0.0,46958.36
2916401,10473.0,360693.96,-1486.21,46.0,359207.75
2916500,5494.0,159625.15,-297.96000000000004,11.0,159327.19
2916609,881.0,26659.62,-207.52999999999997,14.0,26452.09
2916708,1207.0,35357.96,0.0,0.0,35357.96
2916807,2287.0,76724.34,-35.43,3.0,76688.91
2916856,2646.0,85310.87,-298.75999999999993,11.0,85012.11
2916906,2006.0,60281.7,-23.57,1.0,60258.130000000005
2917003,6530.0,183976.63999999998,-408.36999999999995,22.0,183568.27
2917102,2639.0,86214.45000000001,-267.72,8.0,85946.73
2917201,2939.0,94783.72,-96.61,3.0,94687.11
2917300,2691.0,89398.36,-66.96000000000001,3.0,89331.4
2917334,1719.0,51530.78,-830.06,30.0,50700.72
2917359,1464.0,46026.33,-51.669999999999995,2.0,45974.66
2917409,2102.0,66511.11,-556.26,20.0,65954.85
2917508,12043.0,378886.41000000003,-1786.44,42.0,377099.97
2917607,6418.0,202939.82,-220.27,7.0,202719.55
2917706,4410.0,130766.84,-462.96999999999997,12.0,130303.87
2917805,2091.0,65134.490000000005,-437.92,12.0,64696.57
2918001,22375.0,766397.1200000001,-5761.77,185.0,760635.3500000001
2918100,6116.0,192076.13,-479.46000000000004,13.0,191596.66999999998
2918209,2249.0,71846.29000000001,-44.26,3.0,71802.03
2918308,2029.0,62398.46,-163.88,6.0,62234.58
2918357,3799.0,131508.63,-242.81,7.0,131265.82
2918407,26470.0,960988.8,-9237.63,412.0,951751.17
2918456,1100.0,33486.39,0.0,0.0,33486.39
2918506,2743.0,88038.13,-456.96000000000004,16.0,87581.17
2918555,956.0,30716.92,0.0,0.0,30716.92
2918605,1041.0,33049.39,-31.339999999999996,2.0,33018.05
2918704,683.0,20019.42,0.0,0.0,20019.42
2918753,1773.0,57171.78,-68.1,2.0,57103.68
2918803,3188.0,104222.19,-375.87,16.0,103846.32
2918902,545.0,18362.15,0.0,0.0,18362.15
2919009,614.0,16356.98,0.0,0.0,16356.98
2919058,1203.0,35904.26,0.0,0.0,35904.26
2919108,1486.0,42758.45,-25.44,1.0,42733.01
2919157,4246.0,150303.66999999998,-151.06,5.0,150152.61
2919207,15755.0,524552.42,-4721.7,189.0,519830.72
2919306,1324.0,42794.229999999996,-61.7,2.0,42732.53
2919405,1808.0,56680.79,-88.62,3.0,56592.17
2919504,6308.0,214920.03,-107.9,3.0,214812.13
2919553,9715.0,356889.52999999997,-3935.89,112.0,352953.64
2919603,1851.0,53487.64,-86.38999999999999,3.0,53401.25
2919702,2594.0,82727.18,-109.82999999999998,6.0,82617.35
2919801,6122.0,183957.38,-114.66999999999999,4.0,183842.71000000002
2919900,1194.0,34890.600000000006,-95.4,3.0,34795.2
2919926,2151.0,74281.62,-383.41,13.0,73898.20999999999
2919959,1248.0,37744.79,-36.24,1.0,37708.55
2920007,1306.0,41856.68,-369.62,14.0,41487.06
2920106,3027.0,86114.48000000001,-504.24000000000007,21.0,85610.23999999999
2920205,2552.0,85304.75,-185.04999999999998,7.0,85119.7
2920304,1332.0,42908.58,0.0,0.0,42908.58
2920403,3045.0,92493.8,0.0,0.0,92493.8
2920452,1655.0,50928.659999999996,0.0,0.0,50928.66
2920502,3845.0,119261.25,-404.14,10.0,118857.11
2920601,4812.0,155628.63,-889.09,24.0,154739.54
2920700,2192.0,74639.61,-515.9,14.0,74123.70999999999
2920809,1936.0,59928.020000000004,-99.47,6.0,59828.55
2920908,1990.0,59252.850000000006,-108.06000000000002,5.0,59144.79
2921005,4872.0,157435.68,-753.3299999999999,27.0,156682.35
2921054,1859.0,55925.840000000004,-177.39000000000001,5.0,55748.45
2921104,2991.0,100369.32,-439.47999999999996,16.0,99929.84
2921203,3908.0,111769.43,-148.43,8.0,111621.0
2921302,1734.0,52838.240000000005,0.0,0.0,52838.240000000005
2921401,3185.0,96744.81,-93.8,3.0,96651.01
2921450,1703.0,52835.479999999996,-39.56,2.0,52795.92
2921500,11037.0,305996.03,-469.42,22.0,305526.61
2921609,1487.0,46720.91,-123.78,6.0,46597.130000000005
2921708,4792.0,138110.02000000002,-479.94,21.0,137630.08
2921807,1400.0,46948.31,0.0,0.0,46948.31
2921906,1657.0,54366.64,-167.46,5.0,54199.18
2922003,3133.0,112114.56,-51.69,2.0,112062.87
2922052,2478.0,79086.54000000001,-116.34,3.0,78970.20000000001
2922102,3237.0,89334.70999999999,-280.27000000000004,11.0,89054.44
2922201,1311.0,40861.869999999995,-448.15999999999997,16.0,40413.71000000001
2922250,1829.0,62621.84999999999,-458.36,22.0,62163.49
2922300,3671.0,122866.94,-433.28,16.0,122433.66
2922409,3137.0,101396.77,-444.56999999999994,19.0,100952.20000000001
2922508,2748.0,86567.89000000001,-241.81,9.0,86326.08
2922607,1391.0,45250.83,-136.31000000000003,7.0,45114.52
2922656,2435.0,73885.85999999999,-250.70000000000002,9.0,73635.16
2922706,2297.0,69941.0,-223.95,10.0,69717.05
2922730,1501.0,48452.7,0.0,0.0,48452.7
2922755,745.0,24061.61,-44.269999999999996,3.0,24017.34
2922805,1492.0,42371.56,-138.95000000000002,5.0,42232.61
2922854,1337.0,38356.86,0.0,0.0,38356.86
2922904,4708.0,132976.58,-574.6700000000001,21.0,132401.91
2923001,4100.0,144354.19,-222.02999999999997,10.0,144132.15999999997
2923035,2135.0,67972.28,-50.49,2.0,67921.79000000001
2923050,1274.0,37434.25,0.0,0.0,37434.25
2923100,4325.0,125676.72,-454.21,13.0,125222.51000000001
2923209,3620.0,110437.63,-148.48000000000002,8.0,110289.15
2923308,1516.0,46138.49,-138.39,5.0,46000.100000000006
2923357,3078.0,93350.78,-37.45,1.0,93313.33
2923407,3479.0,101872.15,-523.89,20.0,101348.26000000001
2923506,1475.0,46266.520000000004,-149.71,5.0,46116.81
2923605,2874.0,93875.70999999999,-45.13,1.0,93830.58
2923704,5760.0,182036.44999999998,-406.27,13.0,181630.18
2923803,4882.0,145466.42,-162.73000000000002,9.0,145303.69
2923902,1384.0,45709.399999999994,-116.17,4.0,45593.229999999996
2924009,12893.0,438835.82999999996,-5404.76,214.0,433431.07000000007
2924058,2334.0,73919.5,-533.39,14.0,73386.11
2924108,1127.0,32874.48,-100.38999999999999,3.0,32774.090000000004
2924207,1934.0,56578.23,-185.11,9.0,56393.119999999995
2924306,2976.0,98423.3,-110.05,4.0,98313.25
2924405,3897.0,109626.20999999999,-269.25,8.0,109356.95999999999
2924504,2130.0,59811.42,-263.33,11.0,59548.09
2924603,3614.0,111620.03,-393.56,12.0,111226.47
2924652,1513.0,48321.36,-586.8,25.0,47734.56
2924678,690.0,20516.739999999998,-119.76,4.0,20396.98
2924702,1719.0,55211.61,-276.1,9.0,54935.51
2924801,3464.0,97566.07,-243.74,11.0,97322.32999999999
2924900,1466.0,40851.5,0.0,0.0,40851.5
2925006,4585.0,141474.84,-124.19,6.0,141350.65
2925105,8848.0,276453.26,-363.75,16.0,276089.51
2925204,3412.0,112089.08,-319.98999999999995,17.0,111769.09
2925253,3285.0,98728.04999999999,-121.93,6.0,98606.12
2925303,13700.0,489715.59,-2768.1800000000003,87.0,486947.41
2925402,1418.0,44698.61,-131.47,8.0,44567.14
2925501,2609.0,90805.47,-160.0,10.0,90645.47
2925600,2675.0,87904.12000000001,-396.18000000000006,13.0,87507.94
2925709,2070.0,62362.93,0.0,0.0,62362.93
2925758,3309.0,107803.20000000001,-383.71999999999997,16.0,107419.48
2925808,4262.0,125762.16999999998,-197.48999999999998,7.0,125564.68
2925907,4266.0,126627.21,-127.88000000000001,4.0,126499.33
2925931,1412.0,44123.14,-50.690000000000005,3.0,44072.45
2925956,2731.0,82647.73999999999,-334.28,12.0,82313.46
2926004,5538.0,172404.81,-373.83,11.0,172030.97999999998
2926103,2536.0,83030.88,-419.47,14.0,82611.41
2926202,3006.0,96587.94,-275.33000000000004,8.0,96312.61
2926301,5291.0,168385.49,-29.5,2.0,168355.99
2926400,5025.0,155669.12,-277.63,10.0,155391.49
2926509,2238.0,67498.20999999999,-43.79,2.0,67454.42
2926608,7948.0,251823.84000000003,-1146.89,45.0,250676.95
2926657,1295.0,39834.24,-25.98,1.0,39808.259999999995
2926707,1979.0,66758.65,-129.48000000000002,3.0,66629.17
2926806,2296.0,71663.19,-49.72,2.0,71613.47
2926905,1278.0,40877.29,-44.28,3.0,40833.01
2927101,1219.0,44253.880000000005,-14.76,1.0,44239.12
2927200,4788.0,141929.9,-2660.02,133.0,139269.88
2927309,2126.0,72960.98999999999,-102.3,4.0,72858.69
2927408,171128.0,5506619.21,-42840.95999999999,1491.0,5463778.25
2927507,3447.0,108735.52,-280.77,8.0,108454.75
2927606,2288.0,67623.55,-152.71,6.0,67470.84
2927705,1989.0,70394.97,-389.82000000000005,10.0,70005.15
2927804,872.0,28524.9,-38.74,1.0,28486.16
2927903,1736.0,52555.04,-55.32,2.0,52499.72
2928000,6014.0,186346.22,-31.46,1.0,186314.76
2928059,1629.0,49127.45,-133.21,6.0,48994.24
2928109,6646.0,205658.36000000002,-783.0500000000001,27.0,204875.31
2928208,3925.0,119557.05,-90.31,2.0,119466.74
2928307,1590.0,50141.79,-156.64,8.0,49985.149999999994
2928406,4906.0,154988.16,-550.0799999999999,17.0,154438.08000000002
2928505,1669.0,50882.979999999996,-171.06,8.0,50711.92
2928604,7097.0,234477.96000000002,-1220.72,47.0,233257.24000000002
2928703,12163.0,407296.3,-3071.8900000000003,107.0,404224.41000000003
2928802,6472.0,213691.57,-493.81999999999994,21.0,213197.75
2928901,4352.0,131509.98,-320.90999999999997,12.0,131189.07
2928950,1416.0,44956.27,-74.1,3.0,44882.17
2929008,1432.0,46716.17,-159.69,4.0,46556.479999999996
2929057,2343.0,77016.52,-150.49,4.0,76866.03
2929107,3016.0,99323.82,-235.49,8.0,99088.33
2929206,4623.0,158696.87,-1483.73,52.0,157213.14
2929255,3170.0,100925.28,-95.03999999999999,5.0,100830.23999999999
2929305,4372.0,143530.72999999998,-637.3499999999999,23.0,142893.38
2929354,1109.0,33795.22,-149.48,5.0,33645.740000000005
2929370,1763.0,51197.329999999994,0.0,0.0,51197.33
2929404,1493.0,47448.64,-128.97,6.0,47319.67
2929503,4777.0,153931.4,-292.62,10.0,153638.78000000003
2929602,2446.0,81892.83,0.0,0.0,81892.83
2929701,2341.0,66451.43000000001,-198.19,10.0,66253.24
2929750,1811.0,55916.59,-502.24,28.0,55414.35
2929800,2089.0,58500.06,-81.66,3.0,58418.399999999994
2929909,7525.0,237175.28000000003,-3304.1499999999996,166.0,233871.13
2930006,1331.0,40710.21,-284.04,10.0,40426.17
2930105,11664.0,398804.08,-1555.96,52.0,397248.12
2930154,5386.0,174909.07,-523.0200000000001,16.0,174386.05
2930204,4536.0,152103.76,-939.2799999999999,35.0,151164.47999999998
2930303,2709.0,85761.1,-234.01999999999998,8.0,85527.08
2930402,2316.0,69928.99,0.0,0.0,69928.99
2930501,15828.0,487309.72000000003,-4161.13,150.0,483148.58999999997
2930600,2071.0,62495.770000000004,-45.11,1.0,62450.66
2930709,11875.0,387978.92,-3974.59,161.0,384004.33
2930758,2181.0,69846.08,-449.33,19.0,69396.75
2930766,2502.0,71895.41999999998,-405.94,17.0,71489.48
2930774,3068.0,109648.43,-445.77,17.0,109202.66
2930808,2901.0,91670.84,-379.92,8.0,91290.92000000001
2930907,1928.0,57277.41,-74.02,3.0,57203.39
2931004,3874.0,128057.01999999999,-293.45,11.0,127763.57
2931053,2966.0,94624.57,0.0,0.0,94624.57
2931103,1040.0,34018.33,0.0,0.0,34018.33
2931202,1648.0,53285.229999999996,-123.86,8.0,53161.37
2931301,2141.0,59212.72,-375.23,13.0,58837.490000000005
2931350,16067.0,551194.42,-7777.06,301.0,543417.36
2931400,1302.0,39440.86,0.0,0.0,39440.86
2931509,3652.0,106173.7,-190.8,6.0,105982.9
2931608,1221.0,38020.65,-64.66,3.0,37955.990000000005
2931707,1920.0,60569.810000000005,-301.12,14.0,60268.69
2931806,3035.0,93320.79000000001,-126.61999999999999,4.0,93194.17
2931905,10041.0,299798.62,-1061.4099999999999,38.0,298737.20999999996
2932002,4904.0,155102.86000000002,-273.04,8.0,154829.82
2932101,2845.0,87438.7,-81.15,2.0,87357.55
2932200,2417.0,77511.36,-106.28999999999999,4.0,77405.07
2932309,2141.0,66302.26000000001,-130.91000000000003,6.0,66171.35
2932408,2744.0,89506.12999999999,-165.53,7.0,89340.6
2932457,2363.0,65194.42,-33.25,1.0,65161.17
2932507,1816.0,56079.83,-300.59000000000003,13.0,55779.240000000005
2932606,2537.0,79343.41,-346.32,13.0,78997.09
2932705,2194.0,70658.51999999999,-151.51999999999998,8.0,70507.0
2932804,2861.0,82641.4,-189.74,10.0,82451.66
2932903,8821.0,288916.75,-1944.0500000000002,86.0,286972.69999999995
2933000,3361.0,107524.34,0.0,0.0,107524.34
2933059,2340.0,66880.26999999999,-148.85,6.0,66731.42
2933109,1525.0,44264.53999999999,-229.43,9.0,44035.11
2933158,1873.0,54801.19,-185.98000000000002,10.0,54615.21
2933174,1333.0,42483.869999999995,-62.07000000000001,2.0,42421.8
2933208,5067.0,155249.83,-1065.06,42.0,154184.77
2933257,818.0,25844.25,-37.98,1.0,25806.27
2933307,47971.0,1662848.23,-10568.35,313.0,1652279.88
2933406,1354.0,39673.649999999994,0.0,0.0,39673.65
2933455,1752.0,56373.97,-78.96000000000001,3.0,56295.01
2933505,2505.0,77067.31,-963.3299999999999,36.0,76103.98
2933604,7760.0,259138.78000000003,-847.9599999999999,30.0,258290.82
3200136,299.0,8479.28,0.0,0.0,8479.28
3202256,292.0,8372.599999999999,-31.42,1.0,8341.18
3204658,327.0,9208.21,0.0,0.0,9208.21
3204708,1703.0,48141.87,-62.89,2.0,48078.98
3204955,467.0,13456.02,0.0,0.0,13456.02
3500501,515.0,15049.17,-18.24,1.0,15030.93
3500600,75.0,2332.2500000000005,0.0,0.0,2332.25
3500709,1324.0,38878.42,-214.57999999999998,7.0,38663.84
3500907,183.0,5347.4000000000015,0.0,0.0,5347.4
3501004,1056.0,31269.030000000002,-57.47,3.0,31211.56
3501103,244.0,7245.120000000001,0.0,0.0,7245.12
3501400,243.0,7083.15,0.0,0.0,7083.15
3501509,174.0,5115.26,0.0,0.0,5115.26
3501608,4776.0,144696.16999999998,-679.4200000000001,21.0,144016.75
3501707,1377.0,42142.83,-63.17,2.0,42079.66
3501905,1246.0,37613.329999999994,-206.45,7.0,37406.88
3502002,163.0,4954.490000000001,-35.36,1.0,4919.13
3502507,2601.0,76097.59,0.0,0.0,76097.59
3502804,7681.0,237976.53,-1374.32,43.0,236602.21
3503000,231.0,6978.960000000001,-18.72,1.0,6960.24
3503208,9179.0,273324.55000000005,-1416.03,47.0,271908.52
3503406,467.0,13879.190000000002,0.0,0.0,13879.19
3503604,377.0,11226.630000000001,0.0,0.0,11226.63
3503703,254.0,7478.01,-29.36,1.0,7448.65
3504305,279.0,8496.230000000003,0.0,0.0,8496.23
3504404,980.0,30653.650000000005,-136.68,4.0,30516.97
3504602,1198.0,37640.810000000005,-126.41000000000003,4.0,37514.4
3504701,107.0,3011.0300000000007,0.0,0.0,3011.03
3504800,502.0,14938.020000000002,-143.8,4.0,14794.22
3505104,519.0,16138.95,0.0,0.0,16138.95
3505203,1240.0,38639.78999999999,-33.88,1.0,38605.909999999996
3505302,1371.0,42938.1,0.0,0.0,42938.1
3505500,4032.0,121579.50000000001,-412.21000000000004,15.0,121167.29000000001
3505609,2466.0,76597.50000000001,-423.91,13.0,76173.59
3505906,2508.0,75218.62,-494.22999999999996,18.0,74724.39
3506003,13387.0,405532.5,-1891.71,59.0,403640.79
3506102,3156.0,96669.70000000001,-245.06,8.0,96424.64
3506201,119.0,3576.890000000001,0.0,0.0,3576.89
3506409,289.0,8635.92,0.0,0.0,8635.92
3506508,4269.0,133934.21999999997,-236.93999999999997,8.0,133697.28
3506607,3327.0,97302.22,0.0,0.0,97302.22
3506706,789.0,23956.510000000006,-106.08,3.0,23850.43
3506805,492.0,15336.41,0.0,0.0,15336.41
3506904,605.0,17295.370000000003,-65.07,2.0,17230.3
3507308,273.0,8640.75,0.0,0.0,8640.75
3507456,193.0,5748.9,-35.36,1.0,5713.54
3507506,6334.0,186530.49000000002,-505.98,18.0,186024.51
3507704,363.0,11177.66,-30.25,1.0,11147.41
3507753,207.0,6444.810000000001,0.0,0.0,6444.8099999999995
3507803,1092.0,33827.590000000004,-31.03,1.0,33796.56
3507902,601.0,17697.54,-89.2,3.0,17608.34
3508207,348.0,9844.779999999999,-70.72,2.0,9774.06
3508306,243.0,7004.150000000001,0.0,0.0,7004.15
3508504,5979.0,171658.05,0.0,0.0,171658.05
3508603,3218.0,93085.53,0.0,0.0,93085.53
3508801,772.0,23112.2,0.0,0.0,23112.2
3509304,544.0,16608.120000000003,0.0,0.0,16608.12
3509403,1159.0,34043.69,0.0,0.0,34043.689999999995
3509502,34341.0,1061369.66,-3804.1400000000003,120.0,1057565.52
3509809,302.0,8766.830000000002,0.0,0.0,8766.83
3509957,641.0,19041.73,0.0,0.0,19041.73
3510104,134.0,4206.63,0.0,0.0,4206.63
3510401,2116.0,65225.979999999996,0.0,0.0,65225.979999999996
3510500,10528.0,307170.37,0.0,0.0,307170.37
3510906,109.0,3269.8600000000006,0.0,0.0,3269.86
3511300,409.0,12542.34,0.0,0.0,12542.34
3511706,663.0,20387.97,0.0,0.0,20387.97
3511904,304.0,9376.670000000002,-65.2,2.0,9311.47
3512001,528.0,15588.68,0.0,0.0,15588.68
3512100,376.0,10929.34,-19.43,1.0,10909.91
3512506,384.0,11868.490000000002,-28.64,1.0,11839.85
3512803,1649.0,50134.91,-172.26,6.0,49962.65
3513108,1547.0,48137.770000000004,-131.87,4.0,48005.9
3513207,365.0,10943.93,-69.77,2.0,10874.16
3513405,6554.0,187307.05000000002,0.0,0.0,187307.05
3514007,481.0,14708.529999999999,0.0,0.0,14708.53
3514106,1110.0,32495.51,-102.28999999999999,3.0,32393.22
3514304,412.0,12433.060000000001,0.0,0.0,12433.06
3514502,699.0,20762.050000000003,-35.36,1.0,20726.69
3514601,391.0,12185.120000000003,-102.23,4.0,12082.89
3514908,798.0,24945.1,-53.239999999999995,2.0,24891.86
3514957,95.0,2946.120000000001,0.0,0.0,2946.12
3515186,780.0,22630.620000000003,-43.739999999999995,2.0,22586.88
3515608,215.0,6392.220000000001,0.0,0.0,6392.22
3515657,73.0,2057.1800000000003,0.0,0.0,2057.18
3515707,16058.0,498375.01,0.0,0.0,498375.01
3516200,13968.0,420931.22,-2316.98,74.0,418614.23999999993
3516507,98.0,3093.620000000001,0.0,0.0,3093.62
3516606,318.0,8733.14,-67.15,2.0,8665.99
3516705,2126.0,63590.71,-231.06,8.0,63359.65
3516853,157.0,4881.1900000000005,0.0,0.0,4881.19
3517000,585.0,17399.460000000003,-30.6,1.0,17368.86
3517109,366.0,10988.18,0.0,0.0,10988.18
3517208,624.0,18896.450000000004,-58.120000000000005,2.0,18838.329999999998
3517307,469.0,13929.83,0.0,0.0,13929.83
3517406,1679.0,50623.72,-16.34,1.0,50607.38
3517505,684.0,21233.010000000002,-29.12,1.0,21203.89
3517703,1018.0,29845.629999999997,-258.32,8.0,29587.31
3517901,699.0,20526.210000000003,-35.36,1.0,20490.85
3518107,479.0,14701.450000000003,-66.2,2.0,14635.25
3518206,1515.0,46784.49,-176.8,5.0,46607.689999999995
3518305,3218.0,92897.77,0.0,0.0,92897.77
3518404,8343.0,243258.12,0.0,0.0,243258.12
3518602,1607.0,48611.64,-65.67,3.0,48545.97
3518800,106284.0,3096757.0,0.0,0.0,3096757.0
3518859,459.0,13558.41,-33.05,1.0,13525.36
3519006,701.0,21142.300000000003,-35.36,1.0,21106.94
3519071,10853.0,336433.14,-839.31,26.0,335593.83
3519105,734.0,22459.620000000003,-70.06,2.0,22389.56
3519303,1900.0,57318.97000000001,-143.89,5.0,57175.08
3519402,479.0,14148.160000000002,0.0,0.0,14148.16
3519600,2243.0,68166.25000000001,-91.16,4.0,68075.09
3519808,433.0,12852.939999999999,-68.17,2.0,12784.77
3520004,1297.0,40504.37,-315.49,8.0,40188.88
3520103,1083.0,31654.49,-70.72,2.0,31583.77
3521309,967.0,29042.89,-29.47,1.0,29013.42
3522000,159.0,4560.09,0.0,0.0,4560.09
3522604,1830.0,55381.630000000005,-236.66000000000003,8.0,55144.97
3522703,920.0,27632.15,-84.63,4.0,27547.52
3522901,593.0,17896.969999999998,-44.07,1.0,17852.9
3523107,36266.0,1085914.26,0.0,0.0,1085914.26
3523404,2914.0,89339.61,-241.40000000000003,8.0,89098.20999999999
3523503,909.0,26330.57,-56.7,2.0,26273.870000000003
3523701,496.0,14644.779999999999,-68.88,2.0,14575.9
3524105,1638.0,50382.07000000001,-164.92,5.0,50217.149999999994
3524204,342.0,10643.29,0.0,0.0,10643.29
3524303,3880.0,118661.42000000001,-559.23,18.0,118102.19
3524402,12873.0,375366.54000000004,0.0,0.0,375366.54
3524501,248.0,7608.210000000002,0.0,0.0,7608.21
3525102,1975.0,60958.48000000001,-82.31,3.0,60876.170000000006
3525300,4325.0,132822.66,-581.34,19.0,132241.32
3525409,264.0,7819.4800000000005,-29.3,1.0,7790.18
3525706,1244.0,38039.54,-51.95,2.0,37987.59
3525805,336.0,9817.54,-31.38,1.0,9786.16
3526803,1622.0,50238.240000000005,0.0,0.0,50238.24
3527009,275.0,8187.04,0.0,0.0,8187.04
3527108,2803.0,84861.54999999999,-339.78999999999996,10.0,84521.76
3527207,8245.0,240833.81,0.0,0.0,240833.81
3527504,98.0,2865.9500000000003,-33.94,1.0,2832.0099999999998
3527603,703.0,21849.350000000002,-35.36,1.0,21813.99
3527702,338.0,9926.11,0.0,0.0,9926.11
3527801,259.0,7552.389999999999,0.0,0.0,7552.39
3528007,478.0,14690.970000000001,-32.27,1.0,14658.7
3529005,8218.0,246562.87000000002,-864.26,28.0,245698.61
3529302,2957.0,91394.67,-190.26,7.0,91204.41
3529708,1453.0,44699.06,-37.93,2.0,44661.130000000005
3529807,624.0,18551.94,-1.93,1.0,18550.01
3530300,2273.0,69599.50000000001,-237.7,6.0,69361.8
3530409,300.0,8902.79,0.0,0.0,8902.79
3530904,247.0,7543.470000000001,0.0,0.0,7543.47
3531209,139.0,4143.959999999999,-23.23,1.0,4120.73
3531308,1303.0,38985.189999999995,-126.47,5.0,38858.72
3531506,601.0,18728.570000000003,-11.59,1.0,18716.98
3531704,453.0,12542.169999999998,0.0,0.0,12542.17
3531803,4095.0,126131.36000000003,-281.84999999999997,10.0,125849.51000000001
3531902,1658.0,51328.15,-35.36,1.0,51292.79
3532009,390.0,11973.220000000001,-31.73,1.0,11941.49
3532058,137.0,4269.41,0.0,0.0,4269.41
3532504,455.0,13743.180000000002,0.0,0.0,13743.18
3532900,375.0,11236.330000000002,-33.34,1.0,11202.99
3533007,982.0,28669.87,-35.36,1.0,28634.51
3533403,1725.0,53290.09,-49.41,2.0,53240.68
3533601,256.0,7767.900000000001,0.0,0.0,7767.9
3533700,290.0,8232.59,0.0,0.0,8232.59
3533908,2878.0,89359.29000000001,-175.2,5.0,89184.09
3534005,235.0,7266.780000000001,0.0,0.0,7266.78
3534104,226.0,6501.050000000001,-69.65,2.0,6431.4
3534302,1030.0,31714.7,-138.26,4.0,31576.44
3535002,520.0,15220.340000000002,0.0,0.0,15220.34
3535101,315.0,9334.49,0.0,0.0,9334.49
3535705,155.0,4889.880000000001,0.0,0.0,4889.88
3536109,333.0,9737.23,-33.52,1.0,9703.71
3536307,705.0,21098.700000000004,-106.08,3.0,20992.62
3536505,3063.0,98286.48000000001,-289.07,9.0,97997.40999999999
3536570,93.0,2846.71,0.0,0.0,2846.71
3536703,1766.0,53715.14,-129.68,4.0,53585.46
3537008,844.0,25279.100000000002,-64.9,2.0,25214.2
3537305,2770.0,85482.45000000001,-238.79,7.0,85243.66
3537701,303.0,9490.78,0.0,0.0,9490.78
3538006,12917.0,378716.20999999996,0.0,0.0,378716.21
3538709,10628.0,321890.48000000004,-947.29,33.0,320943.19000000006
3538907,1506.0,44761.520000000004,-128.07999999999998,4.0,44633.44
3539004,216.0,6644.05,-29.06,1.0,6614.99
3539400,462.0,13792.39,-101.98,3.0,13690.41
3539509,1505.0,45551.8,-64.07,2.0,45487.729999999996
3539806,11794.0,352459.76,0.0,0.0,352459.76
3539905,336.0,10512.42,0.0,0.0,10512.42
3540002,797.0,23879.58,-41.66,2.0,23837.92
3540101,180.0,5373.75,0.0,0.0,5373.75
3540200,1504.0,45851.11000000001,-99.73,3.0,45751.380000000005
3540754,1874.0,56522.810000000005,0.0,0.0,56522.81
3540804,654.0,20067.01,-99.12,4.0,19967.89
3540903,710.0,22332.219999999998,-247.0,6.0,22085.219999999998
3541059,333.0,10050.02,0.0,0.0,10050.02
3541109,180.0,5044.27,-17.98,1.0,5026.29
3541802,180.0,5245.51,0.0,0.0,5245.51
3542008,408.0,12199.710000000001,0.0,0.0,12199.71
3542107,329.0,9857.39,-46.120000000000005,2.0,9811.27
3542503,229.0,7037.250000000001,0.0,0.0,7037.25
3542701,320.0,9635.59,-11.59,1.0,9624.0
3542909,438.0,12760.25,-33.46,1.0,12726.79
3543105,327.0,9937.41,-31.73,1.0,9905.68
3543402,15590.0,483959.83,-1907.96,60.0,482051.87
3543600,170.0,5322.46,0.0,0.0,5322.46
3543709,494.0,14330.550000000001,-140.78,4.0,14189.77
3544004,706.0,21293.230000000003,-35.36,1.0,21257.87
3544301,957.0,28008.34,0.0,0.0,28008.34
3544400,181.0,5473.6900000000005,0.0,0.0,5473.69
3544608,343.0,10264.18,0.0,0.0,10264.18
3544905,322.0,9871.32,-35.18,1.0,9836.14
3545001,1754.0,48355.68,0.0,0.0,48355.68
3545159,181.0,5499.950000000001,0.0,0.0,5499.95
3545605,585.0,18168.22,-35.36,1.0,18132.86
3545803,3258.0,99617.3,-170.09,6.0,99447.21
3546256,87.0,2647.0700000000006,0.0,0.0,2647.07
3546504,276.0,8224.09,-35.36,1.0,8188.73
3546900,220.0,6685.78,-35.36,1.0,6650.42
3547007,278.0,8361.67,0.0,0.0,8361.67
3547601,1035.0,30160.760000000002,0.0,0.0,30160.76
3547908,494.0,14421.98,0.0,0.0,14421.98
3548054,398.0,12314.140000000003,-35.36,1.0,12278.78
3548104,147.0,4381.67,0.0,0.0,4381.67
3548401,272.0,7964.97,0.0,0.0,7964.97
3548906,7521.0,223982.40000000002,-950.7299999999999,35.0,223031.67
3549409,1679.0,51618.020000000004,-225.36,8.0,51392.659999999996
3549508,639.0,19078.71,-29.77,1.0,19048.94
3549904,46365.0,1373924.2200000002,0.0,0.0,1373924.22
3550100,1485.0,43632.43,-271.32000000000005,8.0,43361.11
3550407,1512.0,46912.920000000006,-173.51,6.0,46739.409999999996
3550704,4078.0,116557.70000000001,0.0,0.0,116557.7
3550902,586.0,17495.810000000005,-66.38,2.0,17429.43
3551405,721.0,21719.41,-111.62,4.0,21607.789999999997
3551504,2216.0,68283.74,-200.05,6.0,68083.69
3551603,854.0,25281.43,-35.36,1.0,25246.07
3551702,5582.0,174687.15000000002,-717.38,21.0,173969.77
3551900,665.0,20400.77,0.0,0.0,20400.77
3552106,1089.0,32370.100000000002,-58.0,2.0,32312.1
3552403,11081.0,341791.49,-961.86,29.0,340829.63000000006
3552700,409.0,12465.449999999999,-91.35000000000001,3.0,12374.1
3553104,365.0,11044.480000000001,-88.14,2.0,10956.34
3553203,229.0,6891.120000000001,0.0,0.0,6891.12
3553401,1581.0,48031.64000000001,-233.16,7.0,47798.48
3553658,87.0,2793.4200000000005,0.0,0.0,2793.42
3553708,2817.0,86889.22,-262.49,8.0,86626.73000000001
3554102,17566.0,506421.33999999997,0.0,0.0,506421.34
3554409,250.0,7419.38,-35.36,1.0,7384.02
3554706,335.0,9838.05,0.0,0.0,9838.05
3554755,152.0,4596.12,-68.46000000000001,2.0,4527.66
3554805,2348.0,67792.95,0.0,0.0,67792.95
3555356,289.0,8748.210000000001,-46.95,2.0,8701.26
3555604,473.0,14176.11,-35.36,1.0,14140.75
3555901,65.0,1851.3500000000001,0.0,0.0,1851.35
3556206,1882.0,58893.71000000001,-87.42,3.0,58806.29
3556305,1056.0,32412.35,-32.51,1.0,32379.84
3556602,390.0,11615.460000000001,-49.620000000000005,2.0,11565.84
3556800,575.0,17520.97,0.0,0.0,17520.97
3556909,294.0,9113.470000000001,-31.08,1.0,9082.39
4200051,74.0,1890.2399999999998,-31.19,1.0,1859.05
4200101,694.0,17760.219999999998,-662.05,24.0,17098.17
4200200,184.0,5004.84,-209.07999999999998,7.0,4795.759999999999
4200309,29.0,811.0799999999999,0.0,0.0,811.08
4200408,113.0,2684.53,-120.00999999999999,4.0,2564.52
4200507,165.0,4133.83,-185.5,6.0,3948.33
4200556,23.0,607.9099999999999,-30.64,1.0,577.27
4200705,183.0,4390.76,-211.45,8.0,4179.31
4200754,14.0,378.38999999999993,0.0,0.0,378.39
4200804,103.0,2610.2399999999993,-92.02,3.0,2518.22
4201000,432.0,10662.510000000002,-190.09000000000003,9.0,10472.42
4201257,111.0,2850.3099999999995,-30.89,1.0,2819.42
4201273,22.0,533.87,-44.13,2.0,489.74
4201307,1722.0,46262.07,-1543.44,54.0,44718.630000000005
4201604,19.0,509.09,0.0,0.0,509.09
4201653,17.0,451.07000000000005,-31.03,1.0,420.04
4201703,136.0,3697.7799999999997,-121.38000000000001,4.0,3576.4
4201802,30.0,770.7299999999999,0.0,0.0,770.73
4201901,40.0,1058.65,-58.489999999999995,2.0,1000.16
4201950,999.0,25998.679999999997,-942.7500000000002,32.0,25055.930000000004
4202008,1744.0,46897.07,-1726.0800000000002,63.0,45170.990000000005
4202057,680.0,17920.44,-392.73999999999995,13.0,17527.7
4202081,70.0,1755.93,-122.79,4.0,1633.14
4202099,18.0,400.88,-10.24,1.0,390.64
4202107,1595.0,41674.01,-1369.9299999999998,49.0,40304.08
4202131,181.0,4576.769999999999,-31.01,1.0,4545.76
4202156,71.0,1814.56,-103.7,4.0,1710.86
4202404,4570.0,120148.26000000001,-3821.1399999999994,158.0,116327.12
4202438,157.0,3881.0599999999995,-25.62,1.0,3855.44
4202453,575.0,15774.95,-741.9999999999999,24.0,15032.95
4202503,213.0,5095.88,-252.29,9.0,4843.59
4202578,24.0,539.2099999999999,-25.72,1.0,513.49
4202602,299.0,8031.8099999999995,-62.239999999999995,2.0,7969.57
4202701,63.0,1704.3600000000001,-60.019999999999996,2.0,1644.34
4202859,41.0,1006.7800000000001,-91.97,3.0,914.81
4202875,108.0,2689.1,0.0,0.0,2689.1
4202909,1780.0,48073.659999999996,-1684.0099999999998,62.0,46389.65
4203006,2200.0,54360.509999999995,-3110.94,123.0,51249.57000000001
4203105,138.0,3634.13,-184.20000000000002,6.0,3449.93
4203154,200.0,4559.53,-356.75,16.0,4202.780000000001
4203204,2155.0,59599.14,-1843.2300000000002,61.0,57755.909999999996
4203253,68.0,1599.3999999999999,-31.09,1.0,1568.31
4203303,438.0,11064.07,-490.54999999999995,17.0,10573.52
4203402,459.0,11492.22,-162.91,7.0,11329.31
4203501,480.0,12409.71,-107.98,5.0,12301.73
4203600,707.0,17984.85,-462.84000000000003,16.0,17522.01
4203808,1675.0,42336.29,-560.35,20.0,41775.94
4203907,335.0,8318.56,-120.65999999999998,5.0,8197.9
4203956,460.0,12182.159999999998,-332.41999999999996,12.0,11849.74
4204004,340.0,8263.39,-385.66999999999996,14.0,7877.719999999999
4204103,185.0,4866.439999999999,-62.46,2.0,4803.98
4204152,96.0,2399.7600000000007,-10.17,1.0,2389.59
4204178,141.0,3391.63,0.0,0.0,3391.63
4204194,12.0,343.73999999999995,0.0,0.0,343.74
4204202,3521.0,91758.58000000002,-3867.8800000000006,140.0,87890.7
4204301,1002.0,25324.620000000003,-1062.75,37.0,24261.870000000003
4204350,65.0,1477.39,-126.13,7.0,1351.26
4204400,298.0,7171.139999999999,-257.66999999999996,17.0,6913.47
4204459,40.0,956.3,0.0,0.0,956.3
4204509,273.0,7545.81,-62.25,2.0,7483.56
4204558,709.0,17719.91,-488.87999999999994,16.0,17231.030000000002
4204806,1858.0,46686.13,-1162.1100000000001,44.0,45524.020000000004
4204905,80.0,2070.34,0.0,0.0,2070.34
4205001,393.0,10090.64,-210.64,7.0,9880.0
4205100,44.0,1071.71,-9.96,1.0,1061.75
4205209,76.0,1947.7099999999996,0.0,0.0,1947.71
4205308,178.0,4506.17,-31.12,1.0,4475.05
4205357,27.0,722.0699999999999,0.0,0.0,722.07
4205407,5661.0,138726.75999999998,-6576.110000000001,289.0,132150.65
4205431,55.0,1464.82,0.0,0.0,1464.82
4205506,949.0,24957.64,-575.8100000000001,20.0,24381.829999999998
4205555,99.0,2454.1800000000003,-61.370000000000005,2.0,2392.81
4205605,155.0,3608.15,-40.98,4.0,3567.17
4205803,600.0,15893.43,-729.0100000000001,25.0,15164.42
4205902,896.0,23652.78,-1211.0500000000002,45.0,22441.73
4206306,325.0,8957.400000000001,-271.02,9.0,8686.38
4206405,104.0,2798.1200000000003,-88.97,3.0,2709.15
4206504,1268.0,33914.67,-1340.65,44.0,32574.02
4206603,86.0,2032.6399999999999,-40.72,2.0,1991.92
4206652,114.0,3011.55,0.0,0.0,3011.55
4206702,337.0,8619.449999999999,-402.07,15.0,8217.380000000001
4206751,37.0,1005.8999999999999,0.0,0.0,1005.9
4206801,38.0,815.0,-36.260000000000005,2.0,778.74
4206900,304.0,8048.82,-258.67,9.0,7790.15
4207106,514.0,13655.53,-661.52,23.0,12994.01
4207403,77.0,1952.77,-51.16,2.0,1901.61
4207502,674.0,17755.19,-595.42,20.0,17159.77
4207577,22.0,506.8,-54.2,2.0,452.6
4207601,58.0,1465.27,-10.11,1.0,1455.16
4207650,78.0,2050.38,-104.41999999999999,4.0,1945.96
4207700,34.0,920.9399999999999,0.0,0.0,920.9399999999999
4207759,74.0,1859.21,-61.65,2.0,1797.56
4207809,269.0,6395.09,-407.2000000000001,19.0,5987.89
4207858,72.0,1898.3200000000002,-93.75999999999999,3.0,1804.56
4207908,393.0,9944.150000000001,-271.71999999999997,9.0,9672.43
4208005,122.0,3141.6400000000003,-93.73,3.0,3047.91
4208104,571.0,13815.76,-741.0999999999999,27.0,13074.66
4208203,4537.0,121833.98999999999,-5049.540000000001,180.0,116784.45000000001
4208302,1065.0,29672.730000000003,-463.03999999999996,17.0,29209.69
4208401,116.0,3274.4700000000003,-124.19000000000001,4.0,3150.28
4208450,1300.0,33506.44,-1954.1299999999999,66.0,31552.31
4208500,425.0,11456.46,-490.71000000000004,16.0,10965.75
4208609,88.0,2133.4099999999994,-110.27,4.0,2023.14
4208906,2711.0,72314.73,-2493.9199999999996,86.0,69820.81
4208955,84.0,1527.83,-516.26,22.0,1011.57
4209003,460.0,11822.210000000001,-570.6400000000001,21.0,11251.57
4209102,11723.0,315230.43000000005,-13470.029999999999,485.0,301760.39999999997
4209151,130.0,2263.6300000000006,-226.77,8.0,2036.86
4209177,66.0,1633.1399999999996,-55.85,2.0,1577.29
4209201,14.0,337.96,0.0,0.0,337.96
4209300,7705.0,195151.58999999997,-6282.769999999999,241.0,188868.82
4209508,106.0,2583.899999999999,-162.75,8.0,2421.15
4209706,659.0,16369.27,-723.38,26.0,15645.89
4209854,61.0,1479.7800000000002,-121.48,4.0,1358.3000000000002
4209904,105.0,2834.0699999999997,-30.67,1.0,2803.4
4210001,133.0,3656.7299999999996,-59.71,2.0,3597.02
4210035,28.0,733.7399999999999,0.0,0.0,733.74
4210050,18.0,467.54,0.0,0.0,467.54
4210100,1846.0,45549.05,-1375.3600000000001,49.0,44173.69
4210308,315.0,7613.780000000001,-185.23,6.0,7428.55
4210605,230.0,6160.65,-153.64,5.0,6007.01
4210704,166.0,3926.48,-259.61,12.0,3666.87
4210852,29.0,839.3900000000001,0.0,0.0,839.39
4211009,94.0,2441.0899999999997,-61.900000000000006,2.0,2379.19
4211058,643.0,16184.920000000002,-570.25,24.0,15614.67
4211108,523.0,12731.54,-50.92,3.0,12680.62
4211306,2017.0,53386.990000000005,-2636.62,98.0,50750.37
4211454,74.0,1937.22,-50.54,2.0,1886.68
4211652,26.0,759.8299999999999,0.0,0.0,759.83
4211751,385.0,9761.61,-473.5,16.0,9288.11
4211801,82.0,2018.32,-41.28,2.0,1977.04
4211850,63.0,1707.2300000000002,0.0,0.0,1707.23
4211876,18.0,467.81,0.0,0.0,467.81
4211892,150.0,3370.0800000000004,-282.27,12.0,3087.81
4212007,267.0,6886.16,-51.71,2.0,6834.45
4212056,65.0,1516.99,0.0,0.0,1516.99
4212106,222.0,5762.62,-119.11999999999999,4.0,5643.5
4212205,526.0,12910.46,-178.22000000000003,6.0,12732.24
4212239,71.0,1905.1900000000005,-30.95,1.0,1874.24
4212270,173.0,3356.84,-1200.9099999999999,45.0,2155.93
4212502,934.0,24975.63,-1078.2599999999998,37.0,23897.37
4212601,14.0,403.8,0.0,0.0,403.8
4212650,509.0,13216.94,-559.13,20.0,12657.81
4212700,67.0,1778.98,-30.46,1.0,1748.52
4212809,854.0,23063.399999999998,-548.6400000000001,18.0,22514.76
4213005,38.0,1034.2,-31.23,1.0,1002.97
4213104,71.0,1767.7400000000002,0.0,0.0,1767.74
4213153,70.0,1849.2,-30.96,1.0,1818.24
4213203,108.0,2961.1,-31.03,1.0,2930.07
4213302,215.0,5151.67,0.0,0.0,5151.67
4213351,173.0,4203.9800000000005,-20.16,1.0,4183.820000000001
4213401,905.0,17505.04,-5832.4400000000005,226.0,11672.6
4213500,353.0,9871.380000000001,-183.72,6.0,9687.66
4213708,214.0,5566.419999999999,-104.02999999999999,4.0,5462.39
4213906,29.0,731.11,-57.21,2.0,673.9
4214003,179.0,4849.25,-61.879999999999995,2.0,4787.37
4214102,36.0,895.24,-124.56,4.0,770.6800000000001
4214151,47.0,1212.2499999999998,-92.1,3.0,1120.15
4214201,156.0,3823.44,-152.76,5.0,3670.68
4214409,158.0,3638.21,-522.72,20.0,3115.4900000000002
4214508,86.0,2058.66,-43.26,2.0,2015.3999999999999
4214607,44.0,1064.82,-62.15,2.0,1002.67
4214706,107.0,2803.2,0.0,0.0,2803.2
4214805,1032.0,26444.32,-1169.01,43.0,25275.31
4215000,1007.0,25960.34,-669.2,24.0,25291.14
4215059,118.0,2864.79,-86.39,3.0,2778.4
4215075,81.0,2108.1399999999994,0.0,0.0,2108.14
4215109,169.0,4409.160000000001,-176.56,6.0,4232.6
4215208,109.0,2844.55,-62.22,2.0,2782.33
4215307,78.0,2064.07,-31.03,1.0,2033.04
4215356,79.0,1968.8400000000001,-31.01,1.0,1937.83
4215406,55.0,1424.24,-62.03,2.0,1362.21
4215505,691.0,17257.899999999998,-204.73999999999998,10.0,17053.16
4215554,14.0,383.63,0.0,0.0,383.63
4215653,358.0,9127.61,-219.75,8.0,8907.86
4215679,55.0,1271.4,-60.66,2.0,1210.74
4215687,43.0,1102.7599999999998,-60.94,2.0,1041.82
4215695,15.0,331.89,0.0,0.0,331.89
4215752,51.0,1386.3400000000001,-31.16,1.0,1355.18
4215802,1732.0,44036.91,-1244.71,47.0,42792.2
4216057,219.0,5340.9400000000005,-72.76,3.0,5268.18
4216107,289.0,7290.67,-116.39,4.0,7174.28
4216206,1492.0,38325.19,-1543.69,56.0,36781.5
4216255,13.0,341.88,0.0,0.0,341.88
4216305,875.0,22304.21,-1448.13,60.0,20856.08
4216354,101.0,2694.96,-124.28999999999999,4.0,2570.67
4216503,667.0,16553.22,-364.94,13.0,16188.28
4216602,4261.0,108873.4,-3803.05,165.0,105070.35
4216701,220.0,5632.4,-92.06,3.0,5540.34
4216800,429.0,10511.529999999999,-212.58,9.0,10298.949999999999
4216909,471.0,11920.11,-416.18,15.0,11503.93
4217154,23.0,614.4099999999999,-30.68,1.0,583.73
4217204,640.0,16614.399999999998,-621.7300000000001,22.0,15992.67
4217402,261.0,6902.779999999999,-203.41999999999996,7.0,6699.36
4217501,141.0,3648.9399999999996,-194.31,8.0,3454.63
4217709,1074.0,28302.6,-842.58,29.0,27460.02
4217808,241.0,6133.049999999999,-305.86,12.0,5827.1900000000005
4217907,90.0,2288.96,-122.77,4.0,2166.19
4218202,409.0,10802.88,-380.13000000000005,16.0,10422.75
4218251,521.0,12955.119999999999,-240.31,10.0,12714.81
4218301,959.0,24027.969999999998,-592.0200000000001,22.0,23435.95
4218509,94.0,2333.6,-131.38,5.0,2202.22
4218608,70.0,1817.8100000000002,-13.6,1.0,1804.21
4218756,39.0,936.7600000000001,-61.34,2.0,875.42
4218855,34.0,835.7900000000001,-71.74000000000001,3.0,764.05
4218905,404.0,10025.73,-481.0,17.0,9544.73
4218954,164.0,3873.45,-168.36999999999998,7.0,3705.08
4219101,86.0,2242.5800000000004,-30.44,1.0,2212.14
4219150,58.0,1421.6200000000001,0.0,0.0,1421.62
4219176,118.0,2753.0800000000004,-91.89,3.0,2661.19
4219200,75.0,1674.35,-210.73999999999998,7.0,1463.6100000000001
4219309,595.0,15294.29,-508.28999999999996,20.0,14786.0
4219358,87.0,2211.8400000000006,-31.21,1.0,2180.63
4219408,34.0,917.7400000000001,0.0,0.0,917.74
4219606,20.0,505.44,0.0,0.0,505.44
4219853,90.0,2167.5699999999997,-73.72,5.0,2093.85
3100104,443.0,12774.439999999999,0.0,0.0,12774.439999999999
3100203,2376.0,75122.08,-223.17,8.0,74898.91
3100302,952.0,28623.229999999996,-111.36,3.0,28511.87
3100401,469.0,13733.740000000002,-204.25,10.0,13529.49
3100500,1050.0,30263.22,-340.94,10.0,29922.28
3100609,1616.0,45439.24,-322.30999999999995,14.0,45116.93
3100708,108.0,3643.14,0.0,0.0,3643.14
3100807,416.0,12116.68,-80.98,2.0,12035.7
3100906,2940.0,87519.31,-370.95000000000005,13.0,87148.36
3101003,1771.0,50921.43,-191.46,6.0,50729.97
3101102,2517.0,80473.32,-320.32,16.0,80153.0
3101201,311.0,8862.48,-73.17999999999999,4.0,8789.300000000001
3101300,293.0,7993.070000000001,-125.46000000000001,4.0,7867.610000000001
3101409,113.0,3516.1699999999996,0.0,0.0,3516.17
3101607,7013.0,226795.23999999996,-1490.14,63.0,225305.09999999998
3101631,628.0,19643.690000000002,-51.63,2.0,19592.06
3101706,6381.0,188750.51,-2404.42,108.0,186346.09
3101805,892.0,28650.829999999998,-126.83000000000001,4.0,28524.0
3101904,1652.0,53132.38,-167.36,7.0,52965.02
3102001,1239.0,37169.15,-100.2,4.0,37068.95
3102050,628.0,18824.57,-189.37,7.0,18635.2
3102100,1252.0,34892.270000000004,-199.97,10.0,34692.3
3102209,597.0,17726.379999999997,-126.53000000000002,5.0,17599.85
3102308,1040.0,31440.610000000004,-259.51,9.0,31181.1
3102407,481.0,13501.75,-93.52000000000001,5.0,13408.230000000001
3102506,458.0,14439.37,-116.11,5.0,14323.259999999998
3102605,1717.0,54025.23,-525.52,22.0,53499.71000000001
3102704,1441.0,39669.399999999994,-239.22000000000003,12.0,39430.18
3102803,1692.0,48812.95,-376.34,20.0,48436.61
3102852,1062.0,30669.78,-116.73,5.0,30553.05
3102902,1279.0,36629.95,-1377.56,47.0,35252.39
3103009,821.0,24045.939999999995,-166.43,8.0,23879.510000000002
3103207,216.0,6383.820000000001,-86.06,3.0,6297.76
3103306,303.0,8651.279999999999,-195.38000000000002,6.0,8455.9
3103405,5157.0,158932.77,-3980.46,159.0,154952.31
3103504,8041.0,259462.66000000003,-1322.77,51.0,258139.88999999998
3103603,484.0,14490.660000000002,-71.89,3.0,14418.77
3103751,353.0,11977.45,-65.85,2.0,11911.6
3103801,119.0,3601.9999999999995,0.0,0.0,3602.0
3103900,487.0,14988.800000000001,-160.17,7.0,14828.63
3104007,5913.0,190291.36,-1593.8999999999999,59.0,188697.46
3104205,2936.0,93147.61,-730.9,27.0,92416.71
3104304,1134.0,35217.45,-40.48,1.0,35176.97
3104452,638.0,16897.81,-303.46,10.0,16594.35
3104502,1883.0,58281.420000000006,-194.78,7.0,58086.64
3104700,1494.0,40258.840000000004,-432.44999999999993,19.0,39826.39
3104809,472.0,14095.71,-109.60000000000001,4.0,13986.11
3104908,1804.0,53734.27,-145.54,5.0,53588.73
3105004,876.0,26008.670000000002,-143.9,5.0,25864.77
3105103,1622.0,49296.229999999996,-198.33000000000004,7.0,49097.9
3105202,628.0,16129.460000000001,-395.4599999999999,21.0,15734.0
3105301,439.0,12929.220000000001,-13.26,1.0,12915.96
3105400,1658.0,52911.07000000001,-114.64999999999999,4.0,52796.42
3105608,11333.0,340825.0,-3902.43,160.0,336922.57
3105707,572.0,16881.809999999998,-302.56,13.0,16579.25
3105905,2506.0,78237.33,-238.63999999999996,9.0,77998.69
3106002,803.0,25823.820000000003,-42.3,2.0,25781.519999999997
3106200,89117.0,2793402.71,-40595.85,1396.0,2752806.8600000003
3106309,2216.0,71167.82,-335.99,12.0,70831.83
3106408,762.0,22377.9,-77.63,2.0,22300.269999999997
3106507,1395.0,44575.94,-1347.8400000000001,41.0,43228.1
3106606,567.0,16617.44,-100.06,3.0,16517.38
3106655,727.0,19902.23,-130.16,4.0,19772.07
3106705,26813.0,857333.1599999999,-3632.1000000000004,155.0,853701.06
3106804,418.0,11324.22,-91.35000000000001,5.0,11232.87
3106903,1454.0,45759.44,-74.67,3.0,45684.77
3107000,282.0,8496.12,-115.12,5.0,8381.0
3107109,3405.0,109608.26999999999,-1390.6100000000001,59.0,108217.66
3107307,7002.0,204680.19999999998,-2561.22,108.0,202118.97999999998
3107406,4758.0,152089.2,-1243.13,49.0,150846.07
3107505,753.0,21135.18,-67.02,3.0,21068.16
3107604,208.0,6453.83,0.0,0.0,6453.83
3107703,534.0,17341.51,-98.99000000000001,4.0,17242.52
3107802,2137.0,64686.93,-301.38000000000005,11.0,64385.55
3107901,943.0,29956.49,-80.33,3.0,29876.16
3108008,1595.0,48829.92999999999,-85.42,4.0,48744.51
3108107,879.0,26276.74,-97.00999999999999,3.0,26179.73
3108206,546.0,16376.96,-40.48,1.0,16336.48
3108255,1067.0,29197.289999999997,-559.1800000000001,23.0,28638.11
3108305,1699.0,52037.07,-371.19999999999993,16.0,51665.87
3108404,1185.0,34857.119999999995,-69.57,5.0,34787.549999999996
3108503,623.0,16342.939999999999,-137.89,5.0,16205.05
3108552,1475.0,46298.97,-227.60000000000002,9.0,46071.37
3108602,4610.0,132411.0,-399.97999999999996,14.0,132011.02
3108701,516.0,15162.79,-47.970000000000006,2.0,15114.82
3108800,426.0,12102.49,-97.30000000000001,5.0,12005.19
3108909,1035.0,31996.71,-117.41000000000001,5.0,31879.3
3109006,1966.0,62200.92,-345.14,13.0,61855.78
3109204,1323.0,39798.26,-177.31,5.0,39620.950000000004
3109253,438.0,12806.419999999998,-130.65,4.0,12675.77
3109303,2552.0,78491.51,-312.9,12.0,78178.61
3109402,4097.0,130748.77,-429.21,19.0,130319.56
3109451,683.0,20530.21,-33.82,1.0,20496.39
3109501,829.0,25619.11,-127.05,7.0,25492.06
3109600,328.0,10946.29,-68.57,2.0,10877.72
3109709,593.0,17771.699999999997,-121.03999999999999,4.0,17650.66
3109808,106.0,3659.5899999999992,-40.49,1.0,3619.1
3109907,761.0,24318.61,-50.33,2.0,24268.28
3110004,2735.0,83457.65000000001,-1125.77,43.0,82331.88
3110103,500.0,14963.45,-371.63,13.0,14591.82
3110301,897.0,26155.4,-253.91,9.0,25901.49
3110400,189.0,5364.540000000001,-77.92,3.0,5286.62
3110707,1451.0,44623.920000000006,-99.81,3.0,44524.11
3110806,372.0,10661.52,-318.28999999999996,15.0,10343.23
3110905,1249.0,38998.2,-114.28999999999999,4.0,38883.91
3111002,1095.0,32941.21000000001,-373.39,13.0,32567.82
3111101,1207.0,38514.19,-241.34,8.0,38272.85
3111150,571.0,15965.86,-137.78,5.0,15828.080000000002
3111200,5323.0,163861.67999999996,-1629.95,71.0,162231.72999999998
3111309,977.0,30472.149999999998,-86.71000000000001,4.0,30385.440000000002
3111408,641.0,20181.73,-88.09,3.0,20093.640000000003
3111507,575.0,18143.149999999998,0.0,0.0,18143.15
3111606,2262.0,71131.73000000001,-170.96000000000004,7.0,70960.77
3111804,623.0,18209.79,-14.09,1.0,18195.7
3111903,552.0,16164.349999999999,-48.16,2.0,16116.19
3112000,1218.0,35079.37,-165.70999999999998,6.0,34913.66
3112059,492.0,13834.310000000001,-92.30000000000001,3.0,13742.01
3112109,550.0,16413.36,-595.6800000000001,20.0,15817.679999999998
3112208,489.0,13805.210000000001,-56.65,3.0,13748.56
3112307,6149.0,179561.46000000002,-2307.92,100.0,177253.54
3112406,801.0,24824.160000000003,-248.72000000000003,9.0,24575.44
3112505,952.0,29461.45,-82.26,3.0,29379.19
3112604,1127.0,35515.23,-92.57000000000001,5.0,35422.659999999996
3112653,421.0,13190.149999999998,-65.80000000000001,2.0,13124.35
3112703,1602.0,45695.83,-172.39,6.0,45523.44
3112802,584.0,17633.0,-614.36,18.0,17018.64
3113008,2543.0,68595.15999999999,-352.61999999999995,13.0,68242.54000000001
3113107,259.0,6727.120000000001,-168.12,8.0,6559.0
3113206,2497.0,76728.3,-187.54999999999998,6.0,76540.75
3113305,4033.0,121879.95999999999,-2719.6600000000008,118.0,119160.3
3113404,6542.0,202049.8,-1547.32,59.0,200502.48
3113503,1254.0,33978.799999999996,-145.37,7.0,33833.43
3113602,454.0,14194.550000000001,-39.78,3.0,14154.77
3113701,1936.0,58199.469999999994,-175.57,6.0,58023.9
3113800,133.0,3778.6499999999996,-74.94999999999999,3.0,3703.7
3113909,923.0,28438.239999999998,-126.59,5.0,28311.65
3114006,860.0,26300.39,-60.19,2.0,26240.199999999997
3114105,1002.0,31624.37,-322.40999999999997,11.0,31301.96
3114204,1144.0,34689.28,-125.53,4.0,34563.75
3114303,2249.0,69802.90000000001,-256.43,11.0,69546.47
3114402,1868.0,59291.65,-228.38,8.0,59063.270000000004
3114501,1208.0,38002.689999999995,-137.18,6.0,37865.509999999995
3114550,414.0,13755.84,0.0,0.0,13755.84
3114600,235.0,6943.99,-37.27,1.0,6906.719999999999
3114709,190.0,5822.55,0.0,0.0,5822.55
3114808,596.0,16512.61,-371.28,18.0,16141.329999999998
3114907,155.0,4368.1900000000005,-109.57000000000001,5.0,4258.62
3115003,204.0,6399.880000000001,-33.34,1.0,6366.54
3115102,1890.0,61753.619999999995,-165.28,6.0,61588.34
3115201,406.0,12595.77,-42.03,2.0,12553.740000000002
3115359,421.0,12932.27,-22.24,1.0,12910.03
3115409,327.0,9086.749999999998,-255.03,9.0,8831.72
3115458,906.0,24941.030000000002,-280.64,10.0,24660.39
3115474,816.0,24012.039999999997,-87.89999999999999,4.0,23924.14
3115508,2440.0,74329.48999999999,-488.99999999999994,20.0,73840.48999999999
3115607,111.0,3320.3000000000006,0.0,0.0,3320.3
3115706,623.0,19130.13,-36.45,1.0,19093.68
3115805,743.0,22918.42,-40.49,1.0,22877.93
3115904,348.0,10230.39,-179.98,8.0,10050.41
3116001,712.0,21141.33,-305.8,10.0,20835.53
3116100,1391.0,42326.31,-652.14,25.0,41674.17
3116159,1581.0,47502.61,-601.62,22.0,46900.99
3116308,866.0,24062.019999999997,-86.86,3.0,23975.16
3116407,370.0,11614.880000000001,-111.50999999999999,3.0,11503.37
3116506,1080.0,28611.48,-59.3,4.0,28552.18
3116605,1956.0,61977.43,-150.84,7.0,61826.59
3116803,1375.0,38914.189999999995,-301.56,12.0,38612.63
3116902,112.0,3375.5800000000004,-40.5,1.0,3335.0800000000004
3117009,1040.0,29850.82,-66.33000000000001,2.0,29784.489999999998
3117108,647.0,19921.66,-64.43,2.0,19857.23
3117207,282.0,8157.86,-36.0,1.0,8121.860000000001
3117306,1837.0,59825.62,-73.32,3.0,59752.3
3117405,406.0,11793.64,-70.7,3.0,11722.94
3117504,1630.0,49275.92,-386.32,14.0,48889.6
3117603,488.0,14800.18,-52.519999999999996,2.0,14747.66
3117702,1298.0,37788.95,-609.23,29.0,37179.72
3117801,1064.0,33178.92,-168.13000000000002,5.0,33010.79
3117836,1013.0,26488.129999999997,-1043.7,45.0,25444.43
3117876,390.0,12905.300000000001,-173.67,6.0,12731.63
3117900,816.0,25199.530000000002,-106.66,4.0,25092.87
3118007,2616.0,81155.23999999999,-1085.8,48.0,80069.44
3118106,485.0,12776.099999999999,0.0,0.0,12776.1
3118205,469.0,15188.630000000001,-67.01,3.0,15121.62
3118304,5838.0,174393.37000000002,-4540.14,194.0,169853.23
3118403,2486.0,78309.55,-546.78,22.0,77762.77
3118502,229.0,6589.06,-69.45,3.0,6519.61
3118601,29626.0,942301.9400000001,-5170.599999999999,184.0,937131.3400000001
3118700,712.0,22049.87,-13.26,1.0,22036.61
3118809,3697.0,101694.24,-441.84999999999997,19.0,101252.39
3118908,1145.0,34590.95,-106.14,4.0,34484.81
3119005,477.0,14611.87,-91.56,4.0,14520.31
3119104,3000.0,93513.91,-520.94,19.0,92992.97
3119203,977.0,27874.26,-314.39,11.0,27559.870000000003
3119302,2186.0,67302.09,-73.52,4.0,67228.56999999999
3119401,8813.0,285025.95999999996,-848.74,39.0,284177.22
3119500,1330.0,40474.24,-578.99,22.0,39895.25
3119609,194.0,5886.94,-60.2,3.0,5826.74
3119708,234.0,7061.589999999999,-95.69,4.0,6965.900000000001
3119807,138.0,3866.03,-51.47,3.0,3814.56
3119955,297.0,9148.22,-102.8,3.0,9045.42
3120003,446.0,13051.240000000002,-72.02,3.0,12979.22
3120102,795.0,22196.309999999998,-188.26,6.0,22008.05
3120151,510.0,14459.829999999998,-13.26,1.0,14446.57
3120201,1038.0,31898.76,-64.35000000000001,3.0,31834.41
3120300,1033.0,31043.99,-21.15,1.0,31022.84
3120409,375.0,11526.21,-56.37,2.0,11469.84
3120508,740.0,22666.940000000002,-112.18,3.0,22554.760000000002
3120607,449.0,13687.089999999998,-109.00999999999999,5.0,13578.080000000002
3120706,395.0,12384.1,0.0,0.0,12384.1
3120805,2251.0,67639.86,-282.92,10.0,67356.94
3120839,377.0,11965.03,0.0,0.0,11965.03
3120870,1415.0,40443.21000000001,-79.56,5.0,40363.65
3120904,9285.0,287759.23,-2979.6600000000003,121.0,284779.57
3121001,914.0,26816.95,-91.01000000000002,4.0,26725.940000000002
3121100,710.0,20632.12,-233.99999999999991,14.0,20398.12
3121209,496.0,15763.58,-75.37,2.0,15688.21
3121258,581.0,19684.980000000003,-78.78999999999999,2.0,19606.19
3121407,617.0,16999.879999999997,-71.89,3.0,16927.989999999998
3121506,306.0,8168.49,-58.489999999999995,4.0,8110.0
3121605,6083.0,179683.49,-1810.3400000000001,78.0,177873.15
3121704,526.0,14960.080000000002,-131.55,6.0,14828.53
3121803,716.0,21831.36,-106.0,3.0,21725.36
3122009,2296.0,68836.64,-258.88,10.0,68577.76
3122108,486.0,14892.65,-23.6,1.0,14869.05
3122207,1049.0,31129.8,-90.07,4.0,31039.73
3122306,15093.0,485551.17,-2534.33,98.0,483016.83999999997
3122355,1041.0,30169.019999999997,-13.26,1.0,30155.76
3122405,560.0,16531.32,-235.28,10.0,16296.04
3122454,1392.0,35712.840000000004,-91.11,3.0,35621.729999999996
3122470,376.0,11137.61,-40.49,1.0,11097.119999999999
3122504,513.0,15513.52,0.0,0.0,15513.519999999999
3122603,516.0,14857.579999999998,-53.739999999999995,2.0,14803.84
3122702,433.0,13336.28,0.0,0.0,13336.28
3122801,379.0,11014.380000000001,-574.8599999999999,19.0,10439.52
3123007,653.0,20131.56,-95.88999999999999,3.0,20035.67
3123106,493.0,14362.300000000001,-186.02,7.0,14176.279999999999
3123205,1207.0,37186.84,-83.78999999999999,3.0,37103.05
3123304,479.0,14773.62,-126.4,4.0,14647.22
3123403,107.0,3361.0500000000006,0.0,0.0,3361.05
3123502,118.0,3713.810000000001,0.0,0.0,3713.81
3123601,2254.0,71160.51999999999,-356.7,15.0,70803.82
3123700,1231.0,38719.46,-211.83,7.0,38507.630000000005
3123809,1003.0,29418.82,-75.63,4.0,29343.190000000002
3123858,691.0,21420.239999999998,-31.97,2.0,21388.27
3123908,1292.0,38925.59,-184.79999999999998,7.0,38740.79
3124104,5565.0,165032.47,-802.7199999999999,36.0,164229.75
3124203,2650.0,77179.48999999999,-2006.96,84.0,75172.53
3124302,4444.0,128270.26,-425.67,16.0,127844.59000000001
3124401,333.0,10004.150000000001,-68.5,3.0,9935.650000000001
3124609,198.0,6307.750000000001,-67.53999999999999,3.0,6240.21
3124708,262.0,7871.240000000002,0.0,0.0,7871.24
3124807,446.0,13785.0,-26.52,2.0,13758.48
3125002,563.0,16677.15,-88.54,6.0,16588.61
3125200,190.0,5967.4400000000005,-76.53,2.0,5890.91
3125309,408.0,12771.380000000001,-110.11,4.0,12661.27
3125408,831.0,21661.16,-270.56,12.0,21390.600000000002
3125507,403.0,11187.4,0.0,0.0,11187.400000000001
3125606,1050.0,29617.18,-297.89,13.0,29319.29
3125705,1771.0,51466.990000000005,-728.28,26.0,50738.71000000001
3125804,285.0,8811.37,-89.92,3.0,8721.449999999999
3125903,981.0,27145.39,-268.16999999999996,12.0,26877.22
3125952,977.0,28765.260000000002,-379.46,16.0,28385.8
3126000,537.0,16679.22,-37.42,2.0,16641.8
3126109,4678.0,144955.43,-4154.35,141.0,140801.08
3126208,928.0,26787.59,-149.67,4.0,26637.920000000002
3126307,206.0,5980.889999999999,0.0,0.0,5980.889999999999
3126406,283.0,8620.2,0.0,0.0,8620.2
3126505,1097.0,30179.12,-341.96999999999997,16.0,29837.15
3126604,632.0,17665.14,-136.94000000000003,6.0,17528.2
3126703,2914.0,83668.21999999999,-384.92,16.0,83283.29999999999
3126752,399.0,11380.640000000001,-98.17999999999999,4.0,11282.460000000001
3126802,592.0,16420.629999999997,-146.72,6.0,16273.91
3126901,1296.0,40852.05,-91.70000000000002,4.0,40760.35
3126950,428.0,11898.23,-116.31,5.0,11781.92
3127008,1079.0,35395.53,-132.18,5.0,35263.35
3127057,675.0,20174.59,-73.54,3.0,20101.05
3127073,629.0,16199.0,-195.97,9.0,16003.03
3127107,4763.0,152650.29,-5723.07,169.0,146927.22
3127206,503.0,14984.570000000002,-39.78,3.0,14944.79
3127305,764.0,23740.770000000004,-103.28,4.0,23637.49
3127339,604.0,17408.37,-91.84,4.0,17316.53
3127354,344.0,9536.01,-91.88000000000001,5.0,9444.130000000001
3127370,279.0,8380.82,-13.26,1.0,8367.56
3127388,415.0,13311.460000000001,-75.53,2.0,13235.93
3127404,192.0,5607.48,-182.77,6.0,5424.71
3127503,797.0,22689.14,-159.73000000000002,5.0,22529.41
3127602,1142.0,33093.95,-39.78,3.0,33054.17
3127701,22844.0,750632.37,-3514.12,140.0,747118.25
3127800,1324.0,35847.61,-390.4599999999999,17.0,35457.15
3127909,65.0,2123.62,0.0,0.0,2123.62
3128006,3938.0,121107.90999999999,-419.44999999999993,18.0,120688.46
3128105,695.0,21026.67,-64.0,3.0,20962.670000000002
3128204,790.0,22207.809999999998,-154.92,8.0,22052.89
3128253,784.0,21683.999999999996,-175.53,7.0,21508.47
3128303,1028.0,32696.440000000002,-24.41,1.0,32672.03
3128501,452.0,14337.2,-15.44,1.0,14321.76
3128600,374.0,12073.83,-74.21000000000001,3.0,11999.62
3128709,3132.0,99951.79999999999,-709.65,28.0,99242.15
3128907,998.0,31030.79,-87.69,3.0,30943.1
3129103,363.0,10251.65,-188.26000000000002,8.0,10063.39
3129202,507.0,14993.92,0.0,0.0,14993.92
3129301,1056.0,31804.83,-314.58,11.0,31490.25
3129400,650.0,17921.54,-133.72,6.0,17787.82
3129509,1486.0,44921.020000000004,-111.48,5.0,44809.53999999999
3129608,945.0,27694.990000000005,-139.41000000000003,4.0,27555.579999999998
3129657,901.0,22293.200000000004,-180.12,8.0,22113.08
3129707,823.0,27598.79,-147.26,5.0,27451.530000000002
3129806,8360.0,264545.25,-967.8600000000001,42.0,263577.39
3129905,202.0,5658.33,-87.2,5.0,5571.13
3130002,325.0,10014.849999999999,0.0,0.0,10014.85
3130051,1254.0,36252.03,-116.45,7.0,36135.58
3130101,3406.0,108041.09,-214.04,9.0,107827.05
3130200,792.0,25590.05,-55.11,2.0,25534.940000000002
3130309,460.0,14104.05,-40.49,1.0,14063.560000000001
3130408,719.0,22848.48,-180.3,7.0,22668.18
3130507,925.0,29282.999999999996,-142.31,7.0,29140.690000000002
3130556,734.0,21390.800000000003,-274.19,10.0,21116.609999999997
3130606,427.0,13128.26,-142.57,6.0,12985.69
3130655,804.0,22028.559999999998,-336.58,13.0,21691.980000000003
3130705,440.0,13913.24,-14.09,1.0,13899.15
3130804,142.0,4492.35,0.0,0.0,4492.35
3130903,3140.0,92936.41,-650.97,26.0,92285.44
3131000,701.0,22367.280000000002,-81.02000000000001,3.0,22286.260000000002
3131109,987.0,29666.01,-135.81,7.0,29530.199999999997
3131158,1387.0,43601.78999999999,-134.34,9.0,43467.45
3131208,2182.0,67847.1,-33.87,2.0,67813.23
3131307,19429.0,641523.69,-2827.14,134.0,638696.55
3131406,353.0,11360.050000000001,0.0,0.0,11360.050000000001
3131505,746.0,22649.600000000002,-153.86,6.0,22495.74
3131604,540.0,17255.5,-128.63,4.0,17126.87
3131703,6225.0,199209.00999999998,-792.3100000000001,36.0,198416.7
3131802,1343.0,40197.47,-38.21,2.0,40159.259999999995
3131901,2289.0,69074.44,-6189.150000000001,196.0,62885.29
3132008,387.0,10141.900000000001,-150.72000000000003,8.0,9991.18
3132107,2158.0,62676.24,-515.5600000000001,19.0,62160.68
3132206,824.0,26169.08,0.0,0.0,26169.08
3132305,1213.0,31827.55,-332.03,15.0,31495.52
3132404,5899.0,185054.26000000004,-2338.28,90.0,182715.98
3132503,4589.0,132088.94,-353.40000000000003,13.0,131735.54
3132701,2273.0,70043.02,-333.06,13.0,69709.95999999999
3132800,263.0,7125.85,-26.52,2.0,7099.33
3133006,1002.0,29944.459999999995,-93.11,3.0,29851.350000000002
3133105,1229.0,38875.63999999999,-707.44,24.0,38168.2
3133204,947.0,29206.21,-149.75,5.0,29056.460000000003
3133303,2823.0,85748.82,-466.59000000000003,17.0,85282.23000000001
3133402,1175.0,37518.82,-234.64000000000001,9.0,37284.18
3133501,1867.0,55445.170000000006,-748.9200000000001,29.0,54696.25
3133709,644.0,19911.359999999997,-265.83000000000004,10.0,19645.53
3133758,871.0,29076.65,-62.18000000000001,2.0,29014.47
3133808,3564.0,114153.34,-549.08,18.0,113604.26000000001
3133907,560.0,15591.230000000001,-510.37,22.0,15080.86
3134004,1537.0,46174.079999999994,-227.62,11.0,45946.46
3134103,475.0,14719.32,-128.10000000000002,4.0,14591.22
3134202,7816.0,245873.90000000002,-1031.85,47.0,244842.05
3134301,680.0,20724.3,-61.84,3.0,20662.46
3134400,3169.0,104574.66,-683.9100000000001,23.0,103890.75
3134509,435.0,12678.09,-109.65999999999998,4.0,12568.43
3134608,1283.0,36662.91,-501.11,19.0,36161.8
3134707,1428.0,39849.25,-236.71999999999997,12.0,39612.53
3134806,510.0,15321.269999999999,-163.94,6.0,15157.33
3134905,1098.0,35373.100000000006,-51.09,2.0,35322.01
3135001,277.0,8963.420000000002,0.0,0.0,8963.42
3135050,4305.0,132102.77000000002,-1243.2700000000002,55.0,130859.5
3135076,399.0,12161.39,-87.91,3.0,12073.48
3135100,9857.0,304872.67,-2386.4500000000003,106.0,302486.22
3135209,11521.0,357223.58999999997,-8628.380000000001,308.0,348595.21
3135308,247.0,7469.42,-13.26,1.0,7456.16
3135357,1483.0,39274.380000000005,-484.84999999999997,22.0,38789.53
3135407,414.0,11685.59,-98.83,5.0,11586.759999999998
3135456,667.0,19512.890000000003,-27.13,1.0,19485.760000000002
3135506,1143.0,32931.39,-171.57000000000002,6.0,32759.82
3135605,1396.0,40097.9,-170.02,6.0,39927.88
3135704,613.0,17556.48,-26.52,2.0,17529.96
3135803,3054.0,90300.65000000001,-465.50000000000006,16.0,89835.15000000001
3135902,710.0,21198.739999999998,-95.47,4.0,21103.27
3136009,2134.0,62436.96000000001,-327.15999999999997,13.0,62109.8
3136108,570.0,16587.65,-198.04999999999998,8.0,16389.6
3136207,4426.0,138912.74000000002,-1007.41,39.0,137905.33
3136306,4692.0,144633.4,-930.42,38.0,143702.98
3136405,502.0,14148.189999999999,-62.93,2.0,14085.259999999998
3136504,850.0,23338.57,-103.95000000000002,4.0,23234.620000000003
3136520,509.0,13528.039999999999,-60.16,4.0,13467.88
3136553,483.0,13693.58,-214.85999999999999,8.0,13478.720000000001
3136579,455.0,11184.029999999999,-167.07,8.0,11016.96
3136603,586.0,16818.22,0.0,0.0,16818.22
3136652,2715.0,83044.35,-513.6800000000001,21.0,82530.67
3136702,27751.0,872350.8,-8023.91,356.0,864326.8899999999
3136801,660.0,17848.49,-263.33,12.0,17585.16
3136900,519.0,15872.080000000002,-216.01999999999998,8.0,15656.060000000001
3136959,867.0,23598.63,-48.3,2.0,23550.33
3137007,1402.0,36745.96,-310.98,12.0,36434.98
3137106,580.0,17685.660000000003,-40.48,1.0,17645.18
3137205,5036.0,167799.0,-611.09,20.0,167187.91
3137304,567.0,15665.759999999998,-26.52,2.0,15639.24
3137403,1379.0,44367.34,-164.06,7.0,44203.28
3137502,1411.0,43625.009999999995,-189.70999999999998,8.0,43435.299999999996
3137536,823.0,25496.11,-378.1099999999999,12.0,25118.0
3137601,4082.0,131783.52,-615.5799999999999,25.0,131167.94
3137700,2198.0,67064.37,-310.16,11.0,66754.21
3137809,2495.0,77478.60999999999,-70.88,3.0,77407.73000000001
3137908,342.0,9345.420000000002,-60.16,4.0,9285.26
3138104,822.0,26036.91,-125.09,4.0,25911.82
3138203,7525.0,240032.25999999998,-2368.29,95.0,237663.97
3138302,256.0,7384.23,-81.1,3.0,7303.13
3138351,557.0,15770.579999999998,-154.19,5.0,15616.39
3138500,595.0,15397.31,-177.72,7.0,15219.59
3138609,2008.0,59485.770000000004,-152.29,9.0,59333.479999999996
3138625,284.0,9019.079999999998,-69.51,3.0,8949.570000000002
3138658,1592.0,43133.78,-217.68999999999997,9.0,42916.09
3138682,953.0,27634.0,-88.17,3.0,27545.83
3138708,510.0,15104.36,-67.8,3.0,15036.56
3138807,1404.0,44731.05,-209.28,7.0,44521.770000000004
3138906,1158.0,33954.630000000005,-152.52,6.0,33802.10999999999
3139003,3117.0,100084.84000000001,-499.44,20.0,99585.4
3139102,496.0,14699.880000000001,0.0,0.0,14699.88
3139201,1749.0,48294.88,-90.6,4.0,48204.28
3139250,866.0,23668.51,-331.26,12.0,23337.25
3139300,2475.0,72238.85,-411.78,18.0,71827.06999999999
3139607,3029.0,94324.17000000001,-248.49,11.0,94075.68
3139706,856.0,27690.85,-164.59,6.0,27526.26
3139805,805.0,25706.37,-251.96,8.0,25454.410000000003
3139904,1317.0,40580.229999999996,-138.5,7.0,40441.729999999996
3140001,3863.0,119049.15000000001,-2589.68,85.0,116459.47
3140100,841.0,26544.020000000004,-13.26,1.0,26530.760000000002
3140159,1292.0,41708.9,-167.65,7.0,41541.25
3140209,301.0,9458.050000000001,-13.26,1.0,9444.79
3140308,389.0,11761.390000000001,0.0,0.0,11761.390000000001
3140407,369.0,10189.51,-122.11,5.0,10067.400000000001
3140506,1280.0,40814.52999999999,-215.2,6.0,40599.33
3140555,1221.0,32660.579999999998,-400.94,13.0,32259.64
3140605,554.0,16823.89,-70.58,3.0,16753.31
3140704,2197.0,66904.73,-300.6199999999999,12.0,66604.11
3140803,1126.0,35855.04,-135.29000000000002,6.0,35719.75
3140852,1078.0,30874.03,-236.65,9.0,30637.38
3141009,1805.0,52903.04000000001,-164.26,8.0,52738.78
3141108,3044.0,94633.68000000001,-512.8900000000001,21.0,94120.79
3141207,190.0,5508.34,-51.559999999999995,2.0,5456.78
3141306,240.0,7566.889999999999,-51.47,3.0,7515.42
3141405,2727.0,79347.66,-297.23,11.0,79050.43
3141504,697.0,20772.06,-168.85,6.0,20603.21
3141702,426.0,12547.529999999999,-26.32,1.0,12521.21
3141801,3018.0,87923.42,-489.63000000000005,19.0,87433.79000000001
3141900,328.0,10007.859999999999,-40.12,2.0,9967.74
3142007,1969.0,52081.41,-175.3,10.0,51906.11
3142254,503.0,13672.25,-26.52,2.0,13645.73
3142304,399.0,12688.419999999998,-106.8,3.0,12581.619999999999
3142403,641.0,20114.97,-151.55999999999997,5.0,19963.41
3142502,255.0,7411.44,0.0,0.0,7411.44
3142601,591.0,18873.649999999998,0.0,0.0,18873.649999999998
3142700,1952.0,55874.36,-377.09999999999997,13.0,55497.259999999995
3142809,1735.0,51923.869999999995,-430.56,16.0,51493.31
3142908,3177.0,91127.91999999998,-332.39000000000004,13.0,90795.53
3143005,968.0,29775.09,-154.19,7.0,29620.9
3143104,2407.0,73413.01000000001,-337.66999999999996,13.0,73075.34
3143153,479.0,12303.8,-68.41999999999999,3.0,12235.38
3143302,38277.0,1164505.6199999999,-8069.6,329.0,1156436.02
3143401,1444.0,46129.770000000004,-111.58000000000001,3.0,46018.19
3143450,798.0,21551.45,-53.48,2.0,21497.97
3143500,515.0,15977.539999999999,-144.92000000000002,5.0,15832.619999999999
3143609,326.0,8974.38,-247.30999999999997,12.0,8727.07
3143708,343.0,10028.619999999999,0.0,0.0,10028.62
3144003,2244.0,68440.05,-476.34,15.0,67963.71
3144102,1526.0,47502.76,-356.3,11.0,47146.46
3144201,310.0,8889.03,-33.589999999999996,2.0,8855.44
3144300,5151.0,155064.32,-1336.3700000000001,45.0,153727.95
3144359,786.0,26296.12,-17.35,1.0,26278.77
3144375,417.0,12745.7,-33.0,1.0,12712.7
3144409,301.0,8567.820000000002,-135.07999999999998,6.0,8432.740000000002
3144508,821.0,24523.169999999995,-13.26,1.0,24509.91
3144607,2625.0,81182.02,-207.48000000000002,8.0,80974.54
3144656,1422.0,38804.0,-458.88,16.0,38345.12
3144672,343.0,9975.94,-394.85999999999996,11.0,9581.08
3144706,1286.0,41278.259999999995,-274.11,9.0,41004.15
3144805,3693.0,119717.43000000001,-495.78999999999996,17.0,119221.64000000001
3144904,497.0,14672.41,-100.72000000000001,4.0,14571.69
3145000,568.0,18231.230000000003,-56.379999999999995,3.0,18174.85
3145059,1059.0,33147.82000000001,-140.98,7.0,33006.84
3145109,973.0,29729.95,-159.85000000000002,7.0,29570.1
3145208,6225.0,205676.38999999998,-353.78000000000003,12.0,205322.61
3145307,3115.0,87703.42,-517.73,21.0,87185.69
3145356,1136.0,33034.53,-146.58999999999997,6.0,32887.94
3145372,767.0,21338.12,-85.09,5.0,21253.030000000002
3145406,240.0,6777.759999999999,-168.79000000000002,6.0,6608.969999999999
3145455,699.0,19046.09,-141.11,5.0,18904.98
3145505,386.0,11369.25,-86.59,5.0,11282.66
3145604,3274.0,102758.91,-138.41000000000003,5.0,102620.5
3145703,240.0,6931.340000000001,-117.38000000000001,5.0,6813.96
3145802,237.0,7316.0,-74.78,2.0,7241.22
3145851,279.0,8831.83,-151.35,5.0,8680.48
3145877,978.0,28435.590000000004,-122.43,5.0,28313.16
3145901,2264.0,72086.15,-805.94,31.0,71280.21
3146008,1297.0,39508.42,-203.27,7.0,39305.15
3146107,4053.0,124238.26999999999,-2700.8300000000004,97.0,121537.44
3146206,877.0,27019.85,-54.74,3.0,26965.11
3146255,640.0,18016.57,-197.78000000000003,7.0,17818.79
3146305,2464.0,69031.16,-379.29999999999995,16.0,68651.86
3146404,402.0,12182.740000000002,-37.97,1.0,12144.77
3146503,258.0,8010.38,-70.61,2.0,7939.77
3146552,642.0,17937.120000000003,-442.73999999999995,13.0,17494.379999999997
3146602,180.0,5265.92,-31.97,2.0,5233.95
3146750,854.0,23205.93,-125.53999999999999,6.0,23080.39
3146909,1264.0,39595.47,-160.89999999999998,7.0,39434.57
3147006,6540.0,211411.33000000002,-2073.3999999999996,83.0,209337.93
3147105,4870.0,155890.38,-705.2900000000001,22.0,155185.09
3147204,1051.0,33278.04,-219.09999999999997,7.0,33058.94
3147303,1429.0,43489.67,-136.38000000000002,7.0,43353.29
3147402,2061.0,69072.55,-382.48,10.0,68690.06999999999
3147501,148.0,4066.330000000001,0.0,0.0,4066.33
3147600,1030.0,31749.47,-53.56,3.0,31695.91
3147709,541.0,15639.279999999999,-181.94,5.0,15457.34
3147808,181.0,4993.740000000001,-13.26,1.0,4980.48
3147907,8722.0,286010.42,-1423.8,58.0,284586.62
3147956,751.0,19111.9,-121.22000000000001,6.0,18990.68
3148004,7739.0,239073.33000000002,-1589.8700000000001,62.0,237483.46
3148103,5463.0,173091.78,-689.73,27.0,172402.05
3148400,574.0,16387.17,-81.69,3.0,16305.480000000001
3148509,1012.0,29356.269999999997,-180.29999999999998,6.0,29175.969999999998
3148608,1797.0,52129.340000000004,-166.99,8.0,51962.350000000006
3148707,3571.0,98010.07999999999,-1458.3999999999999,76.0,96551.68
3148756,779.0,24742.07,-216.67000000000002,6.0,24525.4
3148905,237.0,6698.76,-16.26,1.0,6682.499999999999
3149101,860.0,25582.88,-193.82,7.0,25389.06
3149150,1271.0,36925.979999999996,-435.6,17.0,36490.38
3149200,217.0,6459.760000000001,-61.63,2.0,6398.13
3149309,3401.0,108715.0,-564.59,24.0,108150.41
3149408,224.0,5930.210000000001,-43.66,2.0,5886.55
3149507,265.0,8367.63,-13.26,1.0,8354.37
3149606,513.0,15213.869999999999,-125.00999999999999,5.0,15088.86
3149705,754.0,24122.36,-116.96,3.0,24005.4
3149804,634.0,21213.27,-39.78,3.0,21173.49
3149903,1722.0,54455.35999999999,-412.38,17.0,54042.98
3149952,872.0,26450.54,-222.84,7.0,26227.7
3150000,331.0,9773.210000000001,0.0,0.0,9773.21
3150109,263.0,8352.53,0.0,0.0,8352.53
3150158,1313.0,39430.45,-370.81999999999994,13.0,39059.63
3150208,333.0,10614.130000000001,-53.75,2.0,10560.380000000001
3150307,357.0,9704.4,-53.2,2.0,9651.2
3150406,548.0,16292.130000000001,-100.48000000000002,4.0,16191.650000000001
3150505,583.0,17794.36,-26.52,2.0,17767.84
3150539,614.0,19240.629999999997,-13.26,1.0,19227.37
3150570,945.0,27327.69,-497.23,19.0,26830.46
3150604,420.0,12141.099999999999,-120.94000000000001,6.0,12020.16
3150703,417.0,13809.529999999999,0.0,0.0,13809.53
3150802,1745.0,52592.380000000005,-631.26,22.0,51961.12
3150901,466.0,14024.87,-141.8,6.0,13883.07
3151008,672.0,20649.309999999998,-335.1,12.0,20314.21
3151206,6552.0,212866.22999999998,-1331.1200000000001,52.0,211535.11000000002
3151404,2157.0,69704.48000000001,-369.07,12.0,69335.41
3151503,3027.0,94845.68,-505.46,23.0,94340.22
3151602,668.0,21790.239999999998,-189.07999999999998,7.0,21601.160000000003
3151701,550.0,16872.010000000002,-154.07,5.0,16717.94
3151909,1218.0,36209.53,0.0,0.0,36209.53
3152006,3316.0,108382.73999999999,-229.31,7.0,108153.43
3152105,4088.0,131298.29,-1614.6399999999999,63.0,129683.65
3152131,614.0,17980.399999999994,-31.97,2.0,17948.43
3152170,1185.0,32448.45,-72.09,4.0,32376.36
3152204,5607.0,158701.0,-730.2699999999999,29.0,157970.73
3152303,1334.0,37931.81,-1428.56,50.0,36503.25
3152402,1417.0,40059.68,-145.70000000000002,5.0,39913.979999999996
3152501,7860.0,255590.6,-2011.64,85.0,253578.96000000002
3152600,376.0,11256.390000000001,-41.42,3.0,11214.970000000001
3152709,667.0,20365.41,-36.05,2.0,20329.359999999997
3152808,1387.0,42858.729999999996,-745.27,24.0,42113.46
3152907,533.0,16402.620000000003,-168.97,8.0,16233.65
3153004,190.0,5768.14,0.0,0.0,5768.14
3153103,692.0,19924.4,-103.7,5.0,19820.699999999997
3153202,418.0,12079.15,-256.25,7.0,11822.9
3153301,268.0,7539.630000000001,-13.26,1.0,7526.37
3153400,1217.0,36680.92,-130.5,4.0,36550.42
3153608,976.0,31279.360000000004,-169.16000000000003,8.0,31110.2
3153707,291.0,8758.32,0.0,0.0,8758.32
3153806,121.0,3207.23,-115.72000000000001,5.0,3091.51
3153905,682.0,20819.9,-44.75,2.0,20775.15
3154002,2346.0,70980.33,-513.53,20.0,70466.8
3154200,944.0,28126.41,-118.19,6.0,28008.22
3154309,1741.0,55293.71000000001,-302.5,12.0,54991.21
3154408,600.0,18157.33,-370.49,13.0,17786.84
3154457,906.0,26351.1,-174.27,7.0,26176.829999999998
3154507,940.0,27919.82,-19.79,1.0,27900.03
3154606,18638.0,579764.94,-3926.67,154.0,575838.27
3154705,238.0,7698.339999999999,-38.44,1.0,7659.900000000001
3154804,567.0,17118.77,-91.15,4.0,17027.62
3154903,1306.0,40935.95,-71.78,2.0,40864.17
3155009,269.0,8456.14,-103.78,3.0,8352.36
3155108,742.0,21075.86,-40.48,1.0,21035.379999999997
3155207,668.0,17370.41,-267.14,15.0,17103.27
3155306,481.0,14701.77,0.0,0.0,14701.77
3155504,644.0,19524.600000000002,-146.84,6.0,19377.760000000002
3155603,3764.0,106081.37000000001,-691.22,32.0,105390.15
3155702,1234.0,37996.41,-148.03,6.0,37848.38
3156007,1121.0,30283.129999999997,-159.51,7.0,30123.62
3156106,558.0,17390.78,-67.8,3.0,17322.98
3156403,237.0,7329.490000000001,0.0,0.0,7329.49
3156502,833.0,21786.96,-244.96,11.0,21542.0
3156601,1204.0,32533.579999999998,-130.12,7.0,32403.46
3156700,5248.0,160241.28999999998,-2564.2999999999997,87.0,157676.99
3156809,1565.0,47663.52,-124.00999999999999,4.0,47539.51
3156908,1281.0,42433.630000000005,-217.8,8.0,42215.83
3157005,6793.0,203089.90999999997,-2013.4800000000002,91.0,201076.43
3157104,855.0,25510.3,-183.56,8.0,25326.74
3157203,2280.0,71686.72,-116.99999999999999,5.0,71569.72
3157252,854.0,25375.530000000002,-171.33999999999997,7.0,25204.19
3157278,458.0,11748.25,-385.89,18.0,11362.359999999999
3157302,429.0,12475.77,-138.60999999999999,8.0,12337.16
3157336,832.0,25890.96,-50.68,3.0,25840.28
3157377,556.0,14482.870000000003,-60.66,4.0,14422.21
3157401,439.0,12998.16,-215.64,10.0,12782.52
3157500,650.0,19101.710000000003,-139.15,5.0,18962.559999999998
3157609,382.0,11170.13,-102.48,3.0,11067.65
3157658,784.0,23052.000000000004,-84.35,3.0,22967.65
3157708,355.0,10971.59,-89.58,3.0,10882.01
3157807,9593.0,306243.82,-1572.86,60.0,304670.96
3158003,888.0,29582.010000000002,-171.51,5.0,29410.5
3158102,700.0,18642.47,-61.02,2.0,18581.449999999997
3158201,1796.0,51819.009999999995,-198.56,9.0,51620.45
3158300,518.0,17049.789999999997,-44.21,2.0,17005.58
3158508,724.0,20358.15,-418.28000000000003,14.0,19939.87
3158607,286.0,9168.92,0.0,0.0,9168.919999999998
3158706,318.0,9353.060000000001,-34.68,2.0,9318.38
3158805,633.0,18847.739999999998,-60.81,2.0,18786.93
3158953,3875.0,125982.43000000001,-424.7099999999999,19.0,125557.72
3159001,439.0,13529.490000000002,-101.16,5.0,13428.33
3159100,302.0,8740.29,-115.55,6.0,8624.74
3159209,556.0,16117.39,-216.16,8.0,15901.23
3159308,556.0,16088.82,-61.230000000000004,2.0,16027.59
3159357,779.0,22393.41,-265.34999999999997,10.0,22128.059999999998
3159407,435.0,12024.01,-60.31999999999999,2.0,11963.69
3159506,463.0,13988.75,-213.28,7.0,13775.470000000001
3159605,2396.0,77158.67,-1210.8400000000001,51.0,75947.82999999999
3159704,240.0,7382.970000000001,-52.92,2.0,7330.05
3159803,1984.0,60779.51999999999,-264.03,10.0,60515.49
3159902,2309.0,72795.5,-335.42,11.0,72460.08
3160108,380.0,11993.39,-232.32,6.0,11761.07
3160207,510.0,13810.26,-143.19,6.0,13667.07
3160306,1474.0,39047.0,-196.28,8.0,38850.72
3160405,1945.0,60676.38,-90.53,3.0,60585.85
3160454,995.0,28638.510000000002,-15.72,1.0,28622.79
3160504,220.0,6569.730000000001,-46.93,2.0,6522.8
3160603,410.0,12132.45,-15.44,1.0,12117.01
3160702,4540.0,136099.28,-2000.2499999999998,94.0,134099.03
3160801,664.0,20852.75,-37.13,2.0,20815.62
3160900,247.0,7170.249999999999,-66.45,3.0,7103.8
3160959,599.0,17390.010000000002,-300.98,10.0,17089.03
3161007,1403.0,40627.340000000004,-239.15999999999997,8.0,40388.18
3161056,399.0,11205.41,-87.37,4.0,11118.04
3161106,8619.0,264348.0,-3080.280000000001,118.0,261267.72
3161205,709.0,20620.780000000002,-33.05,2.0,20587.73
3161304,393.0,11886.46,-48.44,2.0,11838.02
3161403,437.0,12895.9,-13.26,1.0,12882.64
3161601,429.0,12500.81,-13.26,1.0,12487.55
3161650,444.0,13920.68,-49.730000000000004,2.0,13870.95
3161700,567.0,17432.6,-88.17,3.0,17344.43
3161809,834.0,25278.429999999997,-18.71,1.0,25259.719999999998
3161908,859.0,26437.199999999997,-130.35,6.0,26306.85
3162005,2892.0,93827.64000000001,-113.13000000000001,5.0,93714.51000000001
3162104,2022.0,64224.07,-276.99,10.0,63947.08
3162203,421.0,13468.680000000002,-52.309999999999995,2.0,13416.37
3162252,802.0,20639.5,-151.99,6.0,20487.51
3162302,215.0,6431.530000000001,-141.31,5.0,6290.22
3162401,3385.0,94870.37,-852.6299999999999,32.0,94017.73999999999
3162450,1319.0,47046.86,-459.18999999999994,13.0,46587.67
3162500,6429.0,196944.68,-2556.0499999999997,115.0,194388.62999999998
3162575,809.0,25159.710000000003,-82.31,3.0,25077.4
3162609,1283.0,40294.619999999995,-205.0,7.0,40089.62
3162658,480.0,12709.32,-100.05,5.0,12609.27
3162708,3052.0,84692.61,-375.18,19.0,84317.43
3162807,1897.0,54644.56,-224.10999999999999,10.0,54420.45
3162922,2221.0,69676.89,-273.74,10.0,69403.15
3162948,529.0,17442.77,-40.5,1.0,17402.27
3162955,1424.0,45917.659999999996,-249.82000000000002,10.0,45667.84
3163003,424.0,13204.8,-17.61,1.0,13187.19
3163102,337.0,10235.509999999998,0.0,0.0,10235.51
3163201,407.0,12424.74,-97.13,4.0,12327.61
3163300,331.0,9865.79,-31.689999999999998,2.0,9834.1
3163409,516.0,15375.099999999999,-93.03999999999999,4.0,15282.060000000001
3163508,640.0,18466.71,-93.88000000000001,4.0,18372.83
3163607,225.0,6830.24,-98.91,3.0,6731.33
3163706,4709.0,151850.4,-907.6500000000001,39.0,150942.75
3163904,485.0,15437.9,-87.67,3.0,15350.23
3164001,464.0,14442.99,-39.78,3.0,14403.210000000001
3164100,791.0,22911.960000000003,-206.34,8.0,22705.620000000003
3164209,947.0,29106.22,-26.52,2.0,29079.699999999997
3164308,436.0,12744.099999999999,-63.0,2.0,12681.1
3164407,312.0,10238.259999999998,-97.41000000000001,4.0,10140.849999999999
3164472,1203.0,34751.79,0.0,0.0,34751.79
3164506,1181.0,33462.25,-68.10000000000001,3.0,33394.15
3164605,548.0,17664.35,-129.26,4.0,17535.09
3164704,4641.0,149816.49,-570.87,29.0,149245.62
3164803,144.0,4173.09,0.0,0.0,4173.09
3164902,152.0,4683.82,0.0,0.0,4683.82
3165008,833.0,25461.57,-93.05000000000001,4.0,25368.52
3165107,471.0,14639.4,-135.54999999999998,5.0,14503.85
3165206,532.0,15526.54,-32.8,1.0,15493.74
3165305,776.0,23302.52,-359.81,16.0,22942.71
3165404,549.0,17038.92,-36.0,1.0,17002.92
3165503,823.0,23946.28,-108.55000000000001,6.0,23837.73
3165537,2609.0,86211.85000000002,-392.15,16.0,85819.7
3165552,926.0,26048.390000000003,-218.86,6.0,25829.530000000002
3165560,265.0,7352.76,-50.669999999999995,2.0,7302.09
3165800,86.0,2497.2,-18.71,1.0,2478.49
3165909,461.0,12335.04,-128.65,4.0,12206.39
3166006,793.0,22274.36,-141.07,5.0,22133.29
3166105,357.0,9666.420000000002,-83.91,4.0,9582.51
3166204,1297.0,36181.37,-101.69,6.0,36079.68
3166402,155.0,4202.33,-86.09,6.0,4116.240000000001
3166501,446.0,11536.87,-140.75,5.0,11396.119999999999
3166600,35.0,970.9000000000001,0.0,0.0,970.9
3166709,1036.0,31179.98,-59.3,4.0,31120.68
3166808,611.0,18889.35,-13.26,1.0,18876.09
3166907,619.0,19759.51,-80.99000000000001,3.0,19678.52
3166956,509.0,15698.850000000002,-33.6,1.0,15665.25
3167004,249.0,7449.660000000001,0.0,0.0,7449.66
3167103,2261.0,65938.95,-489.74,17.0,65449.21
3167202,16696.0,531072.83,-3248.9900000000007,137.0,527823.84
3167400,453.0,13824.25,-51.5,2.0,13772.75
3167707,584.0,18175.76,-67.0,3.0,18108.76
3167806,416.0,12373.86,-155.73000000000002,7.0,12218.13
3168002,5369.0,157197.64,-1567.11,69.0,155630.53
3168051,388.0,12206.220000000001,-33.34,1.0,12172.88
3168200,118.0,3493.2300000000005,-52.72,2.0,3440.51
3168309,334.0,9084.02,-370.75,12.0,8713.27
3168408,1151.0,34739.670000000006,-230.67,8.0,34509.0
3168507,1170.0,35392.149999999994,-291.11999999999995,13.0,35101.03
3168606,13524.0,407903.81,-6498.860000000001,289.0,401404.94999999995
3168705,4786.0,155186.56999999998,-271.54999999999995,11.0,154915.02000000002
3168804,564.0,17575.27,-168.19,7.0,17407.079999999998
3168903,364.0,10946.059999999998,-45.91,2.0,10900.15
3169059,236.0,6615.959999999999,-226.09000000000003,9.0,6389.87
3169208,940.0,28568.39,-156.97,5.0,28411.42
3169307,7210.0,218643.46,-5346.099999999999,222.0,213297.36000000002
3169356,3362.0,104134.46,-213.94000000000003,6.0,103920.51999999999
3169406,4019.0,130315.01000000001,-1766.1499999999999,74.0,128548.86
3169505,786.0,24595.840000000004,-53.75,2.0,24542.09
3169604,2688.0,86112.28000000001,-373.23999999999995,15.0,85739.04000000001
3169703,3182.0,94031.08,-276.43,11.0,93754.65
3169802,424.0,13683.37,-104.09,3.0,13579.28
3170008,1259.0,35906.55,-191.61999999999998,11.0,35714.93
3170057,1370.0,40294.02,-247.96000000000004,9.0,40046.06
3170107,16694.0,548306.29,-3590.1599999999994,126.0,544716.13
3170206,35356.0,1166388.4500000002,-4387.499999999999,160.0,1162000.95
3170305,386.0,11045.5,0.0,0.0,11045.5
3170404,6483.0,213071.28999999998,-904.33,33.0,212166.96000000002
3170438,250.0,7834.349999999999,-105.13999999999999,4.0,7729.21
3170479,455.0,14057.03,-52.02,3.0,14005.01
3170503,586.0,18547.69,-302.95,11.0,18244.74
3170529,982.0,29332.09,-13.26,1.0,29318.83
3170578,975.0,30908.56,-78.36,4.0,30830.2
3170602,174.0,4898.970000000001,0.0,0.0,4898.97
3170651,633.0,17807.350000000002,-13.26,1.0,17794.09
3170701,6808.0,219123.72,-2936.6600000000003,117.0,216187.06
3170750,415.0,12144.62,-26.05,1.0,12118.57
3170800,4107.0,124724.42000000001,-519.8,22.0,124204.62000000001
3170909,3280.0,91589.68,-732.21,28.0,90857.47
3171006,1016.0,32627.310000000005,-187.56,7.0,32439.75
3171030,886.0,26097.49,-174.93,8.0,25922.56
3171071,962.0,25287.420000000006,-269.52,10.0,25017.9
3171105,257.0,7125.55,-115.34000000000002,6.0,7010.21
3171154,468.0,13856.57,-92.97,4.0,13763.6
3171204,7302.0,223891.65,-1770.3000000000002,72.0,222121.34999999998
3171501,490.0,15403.640000000001,-79.64999999999999,3.0,15323.99
3171600,1763.0,50876.62,-1061.83,41.0,49814.78999999999
3171709,823.0,23274.329999999998,-106.07,4.0,23168.26
3171808,737.0,21571.049999999996,-141.68,6.0,21429.370000000003
3171907,536.0,15069.579999999998,-14.63,1.0,15054.95
3172103,483.0,15991.81,0.0,0.0,15991.81
3172202,162.0,4447.34,-46.46,2.0,4400.88
4206108,50.0,1544.1200000000001,0.0,0.0,1544.1200000000001
3168101,228.0,7105.040000000001,-13.26,1.0,7091.78
